data_id,data_bytes,data_bits
0,1020121,8160968
1,630003,5040024
2,717809,5742472
3,866176,6929408
4,803051,6424408
5,676575,5412600
6,923501,7388008
7,936188,7489504
8,1198843,9590744
9,905466,7243728
10,1052028,8416224
11,1065893,8527144
12,1032150,8257200
13,811118,6488944
14,702630,5621040
15,1013291,8106328
16,940885,7527080
17,975564,7804512
18,693908,5551264
19,681154,5449232
20,1083778,8670224
21,630587,5044696
22,965025,7720200
23,863925,6911400
24,1077066,8616528
25,1185600,9484800
26,1066256,8530048
27,643080,5144640
28,1156686,9253488
29,1225938,9807504
30,1171834,9374672
31,1090754,8726032
32,855695,6845560
33,1077221,8617768
34,960067,7680536
35,739818,5918544
36,758213,6065704
37,991962,7935696
38,1158286,9266288
39,1072724,8581792
40,1165530,9324240
41,1193174,9545392
42,985256,7882048
43,650739,5205912
44,1165006,9320048
45,688657,5509256
46,674513,5396104
47,1231132,9849056
48,824626,6597008
49,1122562,8980496
50,1155589,9244712
51,849284,6794272
52,1092000,8736000
53,709371,5674968
54,1145799,9166392
55,1029317,8234536
56,1141135,9129080
57,1201283,9610264
58,773306,6186448
59,755585,6044680
60,1124714,8997712
61,1079422,8635376
62,691655,5533240
63,740244,5921952
64,756793,6054344
65,1077326,8618608
66,818283,6546264
67,712342,5698736
68,808015,6464120
69,1244605,9956840
70,1203979,9631832
71,655531,5244248
72,754726,6037808
73,848459,6787672
74,653870,5230960
75,1025727,8205816
76,836759,6694072
77,1013258,8106064
78,699552,5596416
79,731660,5853280
80,969323,7754584
81,687116,5496928
82,855025,6840200
83,814745,6517960
84,1173251,9386008
85,762628,6101024
86,1023000,8184000
87,1085698,8685584
88,775519,6204152
89,838053,6704424
90,742586,5940688
91,1052193,8417544
92,695040,5560320
93,1233183,9865464
94,938971,7511768
95,1057582,8460656
96,1202410,9619280
97,846069,6768552
98,783667,6269336
99,1058796,8470368
100,637566,5100528
101,1181241,9449928
102,1107871,8862968
103,919507,7356056
104,883931,7071448
105,984856,7878848
106,1167704,9341632
107,803238,6425904
108,772922,6183376
109,1043556,8348448
110,1059956,8479648
111,753151,6025208
112,1212783,9702264
113,1078844,8630752
114,915635,7325080
115,1216537,9732296
116,850638,6805104
117,1084476,8675808
118,1074263,8594104
119,727532,5820256
120,1090624,8724992
121,722504,5780032
122,785501,6284008
123,1179846,9438768
124,1039695,8317560
125,1027642,8221136
126,722735,5781880
127,690024,5520192
128,803247,6425976
129,1159408,9275264
130,710563,5684504
131,980294,7842352
132,1239725,9917800
133,883206,7065648
134,1130628,9045024
135,1136614,9092912
136,903578,7228624
137,947254,7578032
138,1113409,8907272
139,1093175,8745400
140,808222,6465776
141,822883,6583064
142,770828,6166624
143,640300,5122400
144,788716,6309728
145,763451,6107608
146,1105791,8846328
147,1046795,8374360
148,949868,7598944
149,934220,7473760
150,814281,6514248
151,1055152,8441216
152,1235618,9884944
153,993411,7947288
154,948288,7586304
155,1046210,8369680
156,1023386,8187088
157,856393,6851144
158,955945,7647560
159,786924,6295392
160,755472,6043776
161,1050563,8404504
162,661408,5291264
163,1030281,8242248
164,943094,7544752
165,632804,5062432
166,1138462,9107696
167,997460,7979680
168,837106,6696848
169,805140,6441120
170,1211343,9690744
171,1224386,9795088
172,886095,7088760
173,717819,5742552
174,739398,5915184
175,949790,7598320
176,1232759,9862072
177,849518,6796144
178,1035268,8282144
179,967770,7742160
180,1182549,9460392
181,1093523,8748184
182,633039,5064312
183,1123301,8986408
184,1093509,8748072
185,784597,6276776
186,706819,5654552
187,988642,7909136
188,1084197,8673576
189,1071619,8572952
190,734063,5872504
191,1043398,8347184
192,784921,6279368
193,1221867,9774936
194,852090,6816720
195,991049,7928392
196,1224709,9797672
197,1049424,8395392
198,664981,5319848
199,635217,5081736
200,854998,6839984
201,717609,5740872
202,788918,6311344
203,759378,6075024
204,1231681,9853448
205,858778,6870224
206,1066080,8528640
207,761056,6088448
208,1042478,8339824
209,991217,7929736
210,1069036,8552288
211,721608,5772864
212,684835,5478680
213,961197,7689576
214,659857,5278856
215,765779,6126232
216,892884,7143072
217,1157092,9256736
218,747172,5977376
219,639169,5113352
220,1179111,9432888
221,645082,5160656
222,955622,7644976
223,948542,7588336
224,930768,7446144
225,695354,5562832
226,672530,5380240
227,947833,7582664
228,754649,6037192
229,680656,5445248
230,905593,7244744
231,1128333,9026664
232,649919,5199352
233,1119190,8953520
234,1045097,8360776
235,874385,6995080
236,743147,5945176
237,753379,6027032
238,1002398,8019184
239,821556,6572448
240,941679,7533432
241,1140888,9127104
242,863162,6905296
243,745757,5966056
244,1204605,9636840
245,1218433,9747464
246,996524,7972192
247,1000406,8003248
248,1088489,8707912
249,1212621,9700968
250,913556,7308448
251,704483,5635864
252,987706,7901648
253,668918,5351344
254,1136111,9088888
255,668509,5348072
256,1111824,8894592
257,723920,5791360
258,956133,7649064
259,705959,5647672
260,786644,6293152
261,1225602,9804816
262,646780,5174240
263,1190311,9522488
264,1198750,9590000
265,875618,7004944
266,1196627,9573016
267,1008672,8069376
268,1161543,9292344
269,708421,5667368
270,1033839,8270712
271,1212082,9696656
272,903380,7227040
273,642645,5141160
274,865625,6925000
275,1079236,8633888
276,1037612,8300896
277,920443,7363544
278,680675,5445400
279,663958,5311664
280,730062,5840496
281,1237528,9900224
282,1089137,8713096
283,820759,6566072
284,717509,5740072
285,704056,5632448
286,754773,6038184
287,1004357,8034856
288,651408,5211264
289,643548,5148384
290,893997,7151976
291,835082,6680656
292,926034,7408272
293,1225478,9803824
294,1050107,8400856
295,1173047,9384376
296,1038123,8304984
297,775107,6200856
298,1164818,9318544
299,973649,7789192
300,1139051,9112408
301,1118974,8951792
302,782021,6256168
303,1242998,9943984
304,1002192,8017536
305,752774,6022192
306,1092159,8737272
307,947825,7582600
308,1006776,8054208
309,882184,7057472
310,1125638,9005104
311,1006420,8051360
312,935271,7482168
313,687782,5502256
314,645049,5160392
315,774984,6199872
316,1125687,9005496
317,679895,5439160
318,905267,7242136
319,1041617,8332936
320,718307,5746456
321,912378,7299024
322,869219,6953752
323,1117900,8943200
324,1081921,8655368
325,1102593,8820744
326,1129206,9033648
327,1122538,8980304
328,771275,6170200
329,837466,6699728
330,892496,7139968
331,647865,5182920
332,1155504,9244032
333,1191733,9533864
334,1026569,8212552
335,885901,7087208
336,920356,7362848
337,1205169,9641352
338,628207,5025656
339,933766,7470128
340,1230167,9841336
341,873652,6989216
342,818321,6546568
343,1148084,9184672
344,889363,7114904
345,1103465,8827720
346,1034215,8273720
347,779269,6234152
348,655709,5245672
349,696943,5575544
350,1047095,8376760
351,908003,7264024
352,636972,5095776
353,900409,7203272
354,1018964,8151712
355,741446,5931568
356,705089,5640712
357,906219,7249752
358,1203244,9625952
359,1136861,9094888
360,1214150,9713200
361,1230201,9841608
362,713435,5707480
363,1018647,8149176
364,677147,5417176
365,919100,7352800
366,1094897,8759176
367,919206,7353648
368,940635,7525080
369,707170,5657360
370,660600,5284800
371,1161365,9290920
372,648751,5190008
373,778641,6229128
374,1003701,8029608
375,1061121,8488968
376,1142701,9141608
377,806621,6452968
378,841904,6735232
379,1202533,9620264
380,942013,7536104
381,1187707,9501656
382,833731,6669848
383,1167794,9342352
384,1232976,9863808
385,861270,6890160
386,1008951,8071608
387,715506,5724048
388,1178597,9428776
389,1043244,8345952
390,951980,7615840
391,1126990,9015920
392,1139892,9119136
393,726124,5808992
394,1031396,8251168
395,874941,6999528
396,998200,7985600
397,1035260,8282080
398,825647,6605176
399,705133,5641064
400,913716,7309728
401,1113695,8909560
402,982415,7859320
403,659994,5279952
404,939705,7517640
405,1006672,8053376
406,1222535,9780280
407,713762,5710096
408,1242183,9937464
409,1169762,9358096
410,676034,5408272
411,794627,6357016
412,850399,6803192
413,813227,6505816
414,656396,5251168
415,938755,7510040
416,1020266,8162128
417,1066945,8535560
418,777748,6221984
419,883268,7066144
420,1132859,9062872
421,1249798,9998384
422,643201,5145608
423,674764,5398112
424,765446,6123568
425,1055395,8443160
426,1056161,8449288
427,1052286,8418288
428,1172811,9382488
429,671473,5371784
430,984693,7877544
431,1118073,8944584
432,1119256,8954048
433,1082617,8660936
434,820759,6566072
435,842368,6738944
436,772131,6177048
437,1145957,9167656
438,1191724,9533792
439,1109605,8876840
440,804385,6435080
441,1025120,8200960
442,988105,7904840
443,1128579,9028632
444,1023269,8186152
445,808833,6470664
446,901844,7214752
447,999090,7992720
448,919426,7355408
449,694236,5553888
450,949159,7593272
451,869780,6958240
452,662926,5303408
453,648535,5188280
454,866423,6931384
455,1021263,8170104
456,654075,5232600
457,931222,7449776
458,954044,7632352
459,1213197,9705576
460,861191,6889528
461,1231937,9855496
462,854773,6838184
463,1192534,9540272
464,851913,6815304
465,751986,6015888
466,931446,7451568
467,854434,6835472
468,669895,5359160
469,1017143,8137144
470,924800,7398400
471,1029437,8235496
472,690912,5527296
473,990509,7924072
474,1241789,9934312
475,822720,6581760
476,1126095,9008760
477,960204,7681632
478,733880,5871040
479,717908,5743264
480,1107609,8860872
481,857427,6859416
482,930103,7440824
483,969676,7757408
484,723051,5784408
485,1176066,9408528
486,985264,7882112
487,1184605,9476840
488,925451,7403608
489,729566,5836528
490,968503,7748024
491,630469,5043752
492,884801,7078408
493,1196112,9568896
494,1207822,9662576
495,924346,7394768
496,914727,7317816
497,735318,5882544
498,1004116,8032928
499,687988,5503904
500,1143280,9146240
501,691667,5533336
502,1139759,9118072
503,863661,6909288
504,1011894,8095152
505,1072841,8582728
506,873597,6988776
507,1074665,8597320
508,936734,7493872
509,1158577,9268616
510,690408,5523264
511,741221,5929768
512,1200628,9605024
513,1144861,9158888
514,1039681,8317448
515,718095,5744760
516,694343,5554744
517,771889,6175112
518,1114135,8913080
519,675956,5407648
520,829973,6639784
521,1209161,9673288
522,1097573,8780584
523,964890,7719120
524,969155,7753240
525,907074,7256592
526,985455,7883640
527,1022707,8181656
528,679340,5434720
529,1163917,9311336
530,1196201,9569608
531,993117,7944936
532,1105643,8845144
533,687112,5496896
534,726088,5808704
535,1000371,8002968
536,1092807,8742456
537,1232973,9863784
538,690446,5523568
539,1074155,8593240
540,1007595,8060760
541,1214659,9717272
542,1051599,8412792
543,1002852,8022816
544,1003418,8027344
545,833318,6666544
546,1121245,8969960
547,667768,5342144
548,759689,6077512
549,1164161,9313288
550,1210181,9681448
551,1237561,9900488
552,922480,7379840
553,790675,6325400
554,830840,6646720
555,733271,5866168
556,820455,6563640
557,885131,7081048
558,934854,7478832
559,653581,5228648
560,1160134,9281072
561,827815,6622520
562,1166369,9330952
563,994597,7956776
564,706061,5648488
565,854507,6836056
566,741031,5928248
567,1029298,8234384
568,1006816,8054528
569,931565,7452520
570,920563,7364504
571,1020095,8160760
572,1137966,9103728
573,662442,5299536
574,844576,6756608
575,959557,7676456
576,1006108,8048864
577,1083439,8667512
578,646657,5173256
579,914296,7314368
580,637487,5099896
581,785090,6280720
582,866039,6928312
583,1020903,8167224
584,664036,5312288
585,1233085,9864680
586,811998,6495984
587,731286,5850288
588,1068833,8550664
589,1123734,8989872
590,866038,6928304
591,1228325,9826600
592,897456,7179648
593,679882,5439056
594,863325,6906600
595,1134389,9075112
596,947893,7583144
597,1138877,9111016
598,671403,5371224
599,798395,6387160
600,673637,5389096
601,993401,7947208
602,1183637,9469096
603,990137,7921096
604,1123369,8986952
605,1146691,9173528
606,778959,6231672
607,968022,7744176
608,633848,5070784
609,817751,6542008
610,966473,7731784
611,1090451,8723608
612,743708,5949664
613,1171492,9371936
614,705517,5644136
615,799401,6395208
616,905619,7244952
617,795626,6365008
618,758209,6065672
619,842523,6740184
620,718246,5745968
621,776712,6213696
622,1094880,8759040
623,999090,7992720
624,969228,7753824
625,1021274,8170192
626,1220273,9762184
627,1212979,9703832
628,771224,6169792
629,1045133,8361064
630,725667,5805336
631,1089454,8715632
632,942601,7540808
633,1164286,9314288
634,854841,6838728
635,921687,7373496
636,899100,7192800
637,1141480,9131840
638,1170523,9364184
639,895233,7161864
640,893884,7151072
641,874160,6993280
642,935270,7482160
643,858931,6871448
644,932887,7463096
645,1035785,8286280
646,1229785,9838280
647,1056362,8450896
648,673701,5389608
649,1125123,9000984
650,716568,5732544
651,1157457,9259656
652,1208790,9670320
653,1137302,9098416
654,1193514,9548112
655,1143919,9151352
656,913188,7305504
657,1136929,9095432
658,1048432,8387456
659,857641,6861128
660,781438,6251504
661,1162311,9298488
662,1047570,8380560
663,1190055,9520440
664,1060145,8481160
665,902881,7223048
666,1053917,8431336
667,1010570,8084560
668,1154458,9235664
669,1143383,9147064
670,926831,7414648
671,715962,5727696
672,893949,7151592
673,795470,6363760
674,765712,6125696
675,1153421,9227368
676,1158956,9271648
677,893948,7151584
678,694854,5558832
679,1192802,9542416
680,1180981,9447848
681,1104996,8839968
682,1083263,8666104
683,1049407,8395256
684,781946,6255568
685,1011923,8095384
686,774955,6199640
687,866927,6935416
688,868131,6945048
689,700311,5602488
690,731758,5854064
691,757538,6060304
692,1090209,8721672
693,690597,5524776
694,717579,5740632
695,932375,7459000
696,693454,5547632
697,1011540,8092320
698,952065,7616520
699,1194818,9558544
700,864252,6914016
701,674443,5395544
702,825966,6607728
703,740978,5927824
704,1166594,9332752
705,1015511,8124088
706,1178452,9427616
707,1168653,9349224
708,1006163,8049304
709,899567,7196536
710,931850,7454800
711,1010455,8083640
712,907213,7257704
713,662827,5302616
714,749811,5998488
715,1225119,9800952
716,1205187,9641496
717,688271,5506168
718,1234065,9872520
719,1102605,8820840
720,1239681,9917448
721,1197098,9576784
722,917188,7337504
723,1108615,8868920
724,1001883,8015064
725,1086854,8694832
726,1083603,8668824
727,971256,7770048
728,1104605,8836840
729,911148,7289184
730,985273,7882184
731,1070144,8561152
732,894496,7155968
733,728341,5826728
734,1183574,9468592
735,756788,6054304
736,719074,5752592
737,983440,7867520
738,880334,7042672
739,858212,6865696
740,731925,5855400
741,676921,5415368
742,1048801,8390408
743,851295,6810360
744,899025,7192200
745,960120,7680960
746,915931,7327448
747,630370,5042960
748,1140534,9124272
749,1145670,9165360
750,1101936,8815488
751,777501,6220008
752,734714,5877712
753,751313,6010504
754,1213854,9710832
755,681584,5452672
756,1139942,9119536
757,1160587,9284696
758,821195,6569560
759,1170482,9363856
760,737851,5902808
761,934226,7473808
762,1019092,8152736
763,1072978,8583824
764,1015419,8123352
765,683708,5469664
766,745575,5964600
767,1069120,8552960
768,932378,7459024
769,680137,5441096
770,843474,6747792
771,638866,5110928
772,784396,6275168
773,904186,7233488
774,1017615,8140920
775,996054,7968432
776,1085887,8687096
777,646200,5169600
778,1011335,8090680
779,1141743,9133944
780,762637,6101096
781,955949,7647592
782,894603,7156824
783,1018270,8146160
784,718280,5746240
785,901512,7212096
786,902048,7216384
787,675536,5404288
788,1034932,8279456
789,953736,7629888
790,941343,7530744
791,668206,5345648
792,1099910,8799280
793,1077397,8619176
794,640237,5121896
795,1113599,8908792
796,670747,5365976
797,821158,6569264
798,894077,7152616
799,1082699,8661592
800,862137,6897096
801,806773,6454184
802,921932,7375456
803,824847,6598776
804,992637,7941096
805,703311,5626488
806,1080356,8642848
807,1150484,9203872
808,1113106,8904848
809,935014,7480112
810,1242761,9942088
811,875830,7006640
812,1068938,8551504
813,659092,5272736
814,985437,7883496
815,632398,5059184
816,799396,6395168
817,856599,6852792
818,1125247,9001976
819,1027245,8217960
820,957554,7660432
821,862958,6903664
822,975131,7801048
823,1184465,9475720
824,748989,5991912
825,1208376,9667008
826,1201594,9612752
827,883452,7067616
828,792492,6339936
829,776780,6214240
830,1094865,8758920
831,840714,6725712
832,1070267,8562136
833,918115,7344920
834,1122038,8976304
835,989912,7919296
836,1107401,8859208
837,1126522,9012176
838,934764,7478112
839,750997,6007976
840,1099686,8797488
841,829120,6632960
842,1080629,8645032
843,743097,5944776
844,857701,6861608
845,1152499,9219992
846,1074859,8598872
847,843459,6747672
848,1162072,9296576
849,794073,6352584
850,1050618,8404944
851,676718,5413744
852,1028367,8226936
853,1029336,8234688
854,664413,5315304
855,1214152,9713216
856,1039728,8317824
857,804061,6432488
858,844251,6754008
859,850798,6806384
860,1067208,8537664
861,1066144,8529152
862,833203,6665624
863,1064800,8518400
864,742837,5942696
865,732434,5859472
866,1233328,9866624
867,843248,6745984
868,960685,7685480
869,1227989,9823912
870,1095597,8764776
871,874270,6994160
872,904262,7234096
873,1064955,8519640
874,1116297,8930376
875,864634,6917072
876,1010474,8083792
877,1205256,9642048
878,941645,7533160
879,823405,6587240
880,836900,6695200
881,1064681,8517448
882,1117652,8941216
883,695656,5565248
884,980018,7840144
885,703956,5631648
886,644838,5158704
887,1045184,8361472
888,1018107,8144856
889,874144,6993152
890,1094788,8758304
891,1205807,9646456
892,1135936,9087488
893,1082382,8659056
894,843483,6747864
895,799081,6392648
896,678466,5427728
897,1050484,8403872
898,658796,5270368
899,658646,5269168
900,1020827,8166616
901,643916,5151328
902,825870,6606960
903,869727,6957816
904,952254,7618032
905,751401,6011208
906,1004363,8034904
907,793804,6350432
908,749032,5992256
909,1247687,9981496
910,938742,7509936
911,724214,5793712
912,1213822,9710576
913,759534,6076272
914,1062711,8501688
915,641796,5134368
916,717001,5736008
917,857973,6863784
918,1013293,8106344
919,701772,5614176
920,1174367,9394936
921,754268,6034144
922,738293,5906344
923,849613,6796904
924,638066,5104528
925,684497,5475976
926,709380,5675040
927,779941,6239528
928,753879,6031032
929,1060627,8485016
930,911191,7289528
931,681155,5449240
932,954340,7634720
933,1127264,9018112
934,890725,7125800
935,848355,6786840
936,936547,7492376
937,923514,7388112
938,677237,5417896
939,1190683,9525464
940,689343,5514744
941,1197564,9580512
942,1152463,9219704
943,903569,7228552
944,1025606,8204848
945,683349,5466792
946,1226518,9812144
947,926152,7409216
948,792849,6342792
949,752088,6016704
950,1185469,9483752
951,698240,5585920
952,933946,7471568
953,1081953,8655624
954,1109007,8872056
955,1153400,9227200
956,915255,7322040
957,645828,5166624
958,1018138,8145104
959,1105692,8845536
960,719202,5753616
961,1149656,9197248
962,1190387,9523096
963,1000892,8007136
964,1131601,9052808
965,713983,5711864
966,1160767,9286136
967,1185086,9480688
968,846446,6771568
969,1196541,9572328
970,754764,6038112
971,660766,5286128
972,1223775,9790200
973,861260,6890080
974,792814,6342512
975,704599,5636792
976,759373,6074984
977,829154,6633232
978,773187,6185496
979,1187780,9502240
980,699328,5594624
981,1127197,9017576
982,920055,7360440
983,899428,7195424
984,1056619,8452952
985,994997,7959976
986,1226922,9815376
987,784292,6274336
988,979600,7836800
989,631580,5052640
990,645585,5164680
991,1139565,9116520
992,1072710,8581680
993,1098698,8789584
994,989037,7912296
995,848699,6789592
996,842177,6737416
997,774575,6196600
998,1205671,9645368
999,1164807,9318456
1000,1079735,8637880
1001,1149327,9194616
1002,808787,6470296
1003,1080927,8647416
1004,1174642,9397136
1005,663023,5304184
1006,673494,5387952
1007,703059,5624472
1008,952059,7616472
1009,736415,5891320
1010,1050809,8406472
1011,784333,6274664
1012,1144156,9153248
1013,985755,7886040
1014,789625,6317000
1015,736421,5891368
1016,1031529,8252232
1017,918122,7344976
1018,973183,7785464
1019,1234620,9876960
1020,672939,5383512
1021,884926,7079408
1022,1097223,8777784
1023,894508,7156064
1024,957218,7657744
1025,1218679,9749432
1026,900243,7201944
1027,668263,5346104
1028,745522,5964176
1029,769270,6154160
1030,968439,7747512
1031,1071307,8570456
1032,902927,7223416
1033,994293,7954344
1034,633220,5065760
1035,1029567,8236536
1036,652883,5223064
1037,1027281,8218248
1038,885498,7083984
1039,1064686,8517488
1040,707407,5659256
1041,1134538,9076304
1042,864534,6916272
1043,986974,7895792
1044,967060,7736480
1045,750146,6001168
1046,1104457,8835656
1047,696366,5570928
1048,1035248,8281984
1049,791605,6332840
1050,685318,5482544
1051,719895,5759160
1052,876574,7012592
1053,646691,5173528
1054,760228,6081824
1055,1165676,9325408
1056,829649,6637192
1057,1075823,8606584
1058,729150,5833200
1059,711782,5694256
1060,961301,7690408
1061,1022822,8182576
1062,912965,7303720
1063,1076301,8610408
1064,1238783,9910264
1065,1135484,9083872
1066,687610,5500880
1067,1140910,9127280
1068,852899,6823192
1069,766872,6134976
1070,1086316,8690528
1071,1025815,8206520
1072,1184734,9477872
1073,1230254,9842032
1074,1011889,8095112
1075,681881,5455048
1076,1158463,9267704
1077,843012,6744096
1078,768178,6145424
1079,965553,7724424
1080,1207526,9660208
1081,1152816,9222528
1082,653469,5227752
1083,697325,5578600
1084,814646,6517168
1085,963976,7711808
1086,646065,5168520
1087,698849,5590792
1088,927329,7418632
1089,745926,5967408
1090,809297,6474376
1091,1123733,8989864
1092,742459,5939672
1093,783457,6267656
1094,671075,5368600
1095,1022104,8176832
1096,739126,5913008
1097,1216855,9734840
1098,1090317,8722536
1099,1125647,9005176
1100,804954,6439632
1101,1220465,9763720
1102,1118175,8945400
1103,849676,6797408
1104,998130,7985040
1105,1093301,8746408
1106,959879,7679032
1107,807744,6461952
1108,1212959,9703672
1109,1140715,9125720
1110,1165887,9327096
1111,1082462,8659696
1112,864672,6917376
1113,907793,7262344
1114,766221,6129768
1115,885310,7082480
1116,785880,6287040
1117,760465,6083720
1118,787448,6299584
1119,1046914,8375312
1120,923621,7388968
1121,670874,5366992
1122,1237882,9903056
1123,648712,5189696
1124,1196848,9574784
1125,724125,5793000
1126,940475,7523800
1127,1148501,9188008
1128,1024064,8192512
1129,628561,5028488
1130,1219585,9756680
1131,668379,5347032
1132,1148461,9187688
1133,894811,7158488
1134,861198,6889584
1135,862328,6898624
1136,1073168,8585344
1137,746521,5972168
1138,829395,6635160
1139,1190117,9520936
1140,971002,7768016
1141,714689,5717512
1142,1035906,8287248
1143,798234,6385872
1144,769684,6157472
1145,1217566,9740528
1146,733727,5869816
1147,795869,6366952
1148,693413,5547304
1149,723532,5788256
1150,1173361,9386888
1151,748458,5987664
1152,740153,5921224
1153,897437,7179496
1154,655793,5246344
1155,1030706,8245648
1156,1126014,9008112
1157,745553,5964424
1158,639093,5112744
1159,633272,5066176
1160,1029822,8238576
1161,676456,5411648
1162,632659,5061272
1163,1025688,8205504
1164,1054585,8436680
1165,905405,7243240
1166,817761,6542088
1167,1105633,8845064
1168,803725,6429800
1169,995205,7961640
1170,1236042,9888336
1171,991924,7935392
1172,985536,7884288
1173,1202513,9620104
1174,681484,5451872
1175,888994,7111952
1176,964235,7713880
1177,961054,7688432
1178,1111425,8891400
1179,998849,7990792
1180,645493,5163944
1181,876395,7011160
1182,1125919,9007352
1183,777577,6220616
1184,1142930,9143440
1185,867430,6939440
1186,940596,7524768
1187,904427,7235416
1188,865401,6923208
1189,1164340,9314720
1190,1145240,9161920
1191,998767,7990136
1192,1096747,8773976
1193,726331,5810648
1194,1164653,9317224
1195,894516,7156128
1196,846973,6775784
1197,826330,6610640
1198,820839,6566712
1199,934867,7478936
1200,1081966,8655728
1201,1167800,9342400
1202,1016912,8135296
1203,1232790,9862320
1204,1199454,9595632
1205,676831,5414648
1206,1077798,8622384
1207,1014338,8114704
1208,975457,7803656
1209,1102685,8821480
1210,953364,7626912
1211,903950,7231600
1212,770731,6165848
1213,807249,6457992
1214,1088293,8706344
1215,1160823,9286584
1216,684045,5472360
1217,1064530,8516240
1218,730696,5845568
1219,907296,7258368
1220,813412,6507296
1221,898008,7184064
1222,1146747,9173976
1223,1029931,8239448
1224,687979,5503832
1225,1200623,9604984
1226,717606,5740848
1227,780279,6242232
1228,909752,7278016
1229,638056,5104448
1230,810517,6484136
1231,1007964,8063712
1232,627549,5020392
1233,1040555,8324440
1234,691394,5531152
1235,1165760,9326080
1236,728871,5830968
1237,828505,6628040
1238,1247158,9977264
1239,853704,6829632
1240,1208117,9664936
1241,730548,5844384
1242,775929,6207432
1243,625055,5000440
1244,1183082,9464656
1245,813713,6509704
1246,1151077,9208616
1247,1246330,9970640
1248,1072004,8576032
1249,735240,5881920
1250,856257,6850056
1251,884273,7074184
1252,888367,7106936
1253,853086,6824688
1254,1056188,8449504
1255,1052376,8419008
1256,775177,6201416
1257,757345,6058760
1258,1112016,8896128
1259,672835,5382680
1260,918044,7344352
1261,647560,5180480
1262,844047,6752376
1263,1215122,9720976
1264,1216665,9733320
1265,872273,6978184
1266,763402,6107216
1267,627656,5021248
1268,1094826,8758608
1269,949614,7596912
1270,1235021,9880168
1271,967332,7738656
1272,676463,5411704
1273,634665,5077320
1274,794270,6354160
1275,707427,5659416
1276,707823,5662584
1277,869327,6954616
1278,849373,6794984
1279,1065644,8525152
1280,1174579,9396632
1281,626437,5011496
1282,970751,7766008
1283,656458,5251664
1284,1209838,9678704
1285,1243132,9945056
1286,700092,5600736
1287,711138,5689104
1288,680811,5446488
1289,1148106,9184848
1290,1113993,8911944
1291,982433,7859464
1292,1197010,9576080
1293,681034,5448272
1294,1110042,8880336
1295,639131,5113048
1296,1249924,9999392
1297,1037521,8300168
1298,1107740,8861920
1299,1120822,8966576
1300,1115080,8920640
1301,1114535,8916280
1302,634394,5075152
1303,1164087,9312696
1304,859876,6879008
1305,1124297,8994376
1306,944458,7555664
1307,1075722,8605776
1308,806531,6452248
1309,808779,6470232
1310,1244156,9953248
1311,813963,6511704
1312,927658,7421264
1313,924410,7395280
1314,1059105,8472840
1315,951833,7614664
1316,1158442,9267536
1317,1051563,8412504
1318,755591,6044728
1319,816068,6528544
1320,1070281,8562248
1321,912725,7301800
1322,1007529,8060232
1323,1159254,9274032
1324,1007865,8062920
1325,706140,5649120
1326,875391,7003128
1327,1071617,8572936
1328,1212444,9699552
1329,1052336,8418688
1330,719264,5754112
1331,941977,7535816
1332,1144047,9152376
1333,971788,7774304
1334,654936,5239488
1335,1004815,8038520
1336,1179986,9439888
1337,875098,7000784
1338,824658,6597264
1339,986667,7893336
1340,955509,7644072
1341,931630,7453040
1342,1123648,8989184
1343,1089483,8715864
1344,1048713,8389704
1345,744735,5957880
1346,821095,6568760
1347,1116590,8932720
1348,1159627,9277016
1349,812094,6496752
1350,1227545,9820360
1351,671503,5372024
1352,959901,7679208
1353,1010245,8081960
1354,1217966,9743728
1355,1180969,9447752
1356,978221,7825768
1357,1213305,9706440
1358,777577,6220616
1359,1066172,8529376
1360,916355,7330840
1361,1202475,9619800
1362,1113810,8910480
1363,931575,7452600
1364,927837,7422696
1365,802536,6420288
1366,842708,6741664
1367,1242993,9943944
1368,1241955,9935640
1369,849525,6796200
1370,970837,7766696
1371,1028179,8225432
1372,768630,6149040
1373,870945,6967560
1374,884926,7079408
1375,710483,5683864
1376,997701,7981608
1377,912949,7303592
1378,904049,7232392
1379,1088858,8710864
1380,635344,5082752
1381,1236887,9895096
1382,1153398,9227184
1383,750915,6007320
1384,899103,7192824
1385,710453,5683624
1386,735965,5887720
1387,850661,6805288
1388,719276,5754208
1389,670409,5363272
1390,1099590,8796720
1391,898076,7184608
1392,812222,6497776
1393,900655,7205240
1394,1063746,8509968
1395,934482,7475856
1396,966540,7732320
1397,893370,7146960
1398,811075,6488600
1399,677812,5422496
1400,1122962,8983696
1401,904905,7239240
1402,851946,6815568
1403,968935,7751480
1404,878939,7031512
1405,839275,6714200
1406,777380,6219040
1407,874213,6993704
1408,1120726,8965808
1409,647559,5180472
1410,953976,7631808
1411,829775,6638200
1412,1137415,9099320
1413,908587,7268696
1414,1070255,8562040
1415,953381,7627048
1416,1012463,8099704
1417,994396,7955168
1418,1063635,8509080
1419,874332,6994656
1420,810181,6481448
1421,1067977,8543816
1422,673897,5391176
1423,1060707,8485656
1424,1017119,8136952
1425,990657,7925256
1426,626979,5015832
1427,1131085,9048680
1428,1082180,8657440
1429,1189975,9519800
1430,1202109,9616872
1431,1196209,9569672
1432,1205814,9646512
1433,1184327,9474616
1434,975125,7801000
1435,899814,7198512
1436,903671,7229368
1437,1079718,8637744
1438,825483,6603864
1439,1028212,8225696
1440,662277,5298216
1441,1118589,8948712
1442,766886,6135088
1443,776132,6209056
1444,908052,7264416
1445,1084025,8672200
1446,903813,7230504
1447,779985,6239880
1448,921779,7374232
1449,704763,5638104
1450,768831,6150648
1451,1206111,9648888
1452,658337,5266696
1453,841387,6731096
1454,965239,7721912
1455,1035089,8280712
1456,920950,7367600
1457,1096717,8773736
1458,1123342,8986736
1459,1154289,9234312
1460,1085736,8685888
1461,896840,7174720
1462,1174238,9393904
1463,1129445,9035560
1464,1064106,8512848
1465,874215,6993720
1466,1211191,9689528
1467,690695,5525560
1468,836638,6693104
1469,1198345,9586760
1470,1101852,8814816
1471,716128,5729024
1472,709784,5678272
1473,1207673,9661384
1474,994702,7957616
1475,687351,5498808
1476,968153,7745224
1477,1012343,8098744
1478,643723,5149784
1479,666105,5328840
1480,992496,7939968
1481,1100808,8806464
1482,921130,7369040
1483,680785,5446280
1484,1195394,9563152
1485,1190899,9527192
1486,895819,7166552
1487,631426,5051408
1488,1227021,9816168
1489,1060908,8487264
1490,962061,7696488
1491,1006196,8049568
1492,1031109,8248872
1493,833357,6666856
1494,723687,5789496
1495,1082172,8657376
1496,1139828,9118624
1497,925011,7400088
1498,779513,6236104
1499,1164522,9316176
1500,1233837,9870696
1501,1094123,8752984
1502,1004857,8038856
1503,851433,6811464
1504,643549,5148392
1505,834337,6674696
1506,1225093,9800744
1507,997269,7978152
1508,1018930,8151440
1509,1160108,9280864
1510,1115848,8926784
1511,703139,5625112
1512,976039,7808312
1513,895031,7160248
1514,1192425,9539400
1515,966724,7733792
1516,1090537,8724296
1517,1202254,9618032
1518,1085277,8682216
1519,845886,6767088
1520,882919,7063352
1521,938708,7509664
1522,1015149,8121192
1523,954740,7637920
1524,1093988,8751904
1525,885882,7087056
1526,1193193,9545544
1527,933236,7465888
1528,836625,6693000
1529,1054893,8439144
1530,822878,6583024
1531,1147174,9177392
1532,728498,5827984
1533,924178,7393424
1534,940922,7527376
1535,684393,5475144
1536,1222678,9781424
1537,1214667,9717336
1538,870459,6963672
1539,932722,7461776
1540,874232,6993856
1541,1191910,9535280
1542,1189237,9513896
1543,887178,7097424
1544,1184001,9472008
1545,1077938,8623504
1546,891911,7135288
1547,842604,6740832
1548,859541,6876328
1549,888780,7110240
1550,969682,7757456
1551,849419,6795352
1552,1100182,8801456
1553,646906,5175248
1554,1236784,9894272
1555,1237584,9900672
1556,1122308,8978464
1557,1226586,9812688
1558,1231556,9852448
1559,749490,5995920
1560,772652,6181216
1561,1239551,9916408
1562,969072,7752576
1563,1190736,9525888
1564,1018204,8145632
1565,1191992,9535936
1566,1042866,8342928
1567,972011,7776088
1568,920980,7367840
1569,936440,7491520
1570,1222128,9777024
1571,1220187,9761496
1572,636955,5095640
1573,764479,6115832
1574,1223877,9791016
1575,767274,6138192
1576,857534,6860272
1577,648204,5185632
1578,800532,6404256
1579,666159,5329272
1580,1232372,9858976
1581,1111962,8895696
1582,667257,5338056
1583,773881,6191048
1584,1084934,8679472
1585,1130675,9045400
1586,1228592,9828736
1587,1092328,8738624
1588,826414,6611312
1589,973879,7791032
1590,1112126,8897008
1591,1181835,9454680
1592,659976,5279808
1593,884015,7072120
1594,1112640,8901120
1595,1043647,8349176
1596,1184782,9478256
1597,947232,7577856
1598,830084,6640672
1599,986012,7888096
1600,804452,6435616
1601,1140369,9122952
1602,797785,6382280
1603,1168562,9348496
1604,943112,7544896
1605,996296,7970368
1606,803453,6427624
1607,1121919,8975352
1608,901205,7209640
1609,1213523,9708184
1610,1170563,9364504
1611,665802,5326416
1612,1035139,8281112
1613,798200,6385600
1614,1198484,9587872
1615,816530,6532240
1616,689421,5515368
1617,777724,6221792
1618,665449,5323592
1619,1042612,8340896
1620,1177589,9420712
1621,647904,5183232
1622,941371,7530968
1623,1199674,9597392
1624,885021,7080168
1625,1181679,9453432
1626,873563,6988504
1627,969035,7752280
1628,1119450,8955600
1629,1145354,9162832
1630,853576,6828608
1631,1070204,8561632
1632,1163974,9311792
1633,1051638,8413104
1634,857369,6858952
1635,916891,7335128
1636,784954,6279632
1637,1164490,9315920
1638,627765,5022120
1639,1200137,9601096
1640,1108977,8871816
1641,1214385,9715080
1642,1099526,8796208
1643,1181079,9448632
1644,770517,6164136
1645,1158103,9264824
1646,632311,5058488
1647,867689,6941512
1648,1051974,8415792
1649,1160087,9280696
1650,1035194,8281552
1651,1226548,9812384
1652,792947,6343576
1653,1208655,9669240
1654,1110918,8887344
1655,1126965,9015720
1656,687835,5502680
1657,1065455,8523640
1658,627288,5018304
1659,645839,5166712
1660,805700,6445600
1661,655429,5243432
1662,713161,5705288
1663,1005946,8047568
1664,737185,5897480
1665,1177495,9419960
1666,786940,6295520
1667,834339,6674712
1668,1123636,8989088
1669,984424,7875392
1670,779011,6232088
1671,874561,6996488
1672,772998,6183984
1673,1136625,9093000
1674,1009349,8074792
1675,896808,7174464
1676,991204,7929632
1677,1204690,9637520
1678,828164,6625312
1679,660007,5280056
1680,837458,6699664
1681,865433,6923464
1682,889922,7119376
1683,721967,5775736
1684,865206,6921648
1685,899857,7198856
1686,1148894,9191152
1687,798517,6388136
1688,855441,6843528
1689,746417,5971336
1690,891171,7129368
1691,1217206,9737648
1692,965623,7724984
1693,836890,6695120
1694,757125,6057000
1695,647568,5180544
1696,813961,6511688
1697,819874,6558992
1698,996195,7969560
1699,1185247,9481976
1700,703302,5626416
1701,936258,7490064
1702,1159680,9277440
1703,1213201,9705608
1704,768932,6151456
1705,918868,7350944
1706,663949,5311592
1707,1247940,9983520
1708,1005886,8047088
1709,641616,5132928
1710,759340,6074720
1711,1100590,8804720
1712,997842,7982736
1713,1110673,8885384
1714,821249,6569992
1715,728144,5825152
1716,742677,5941416
1717,904363,7234904
1718,1093119,8744952
1719,959814,7678512
1720,1031042,8248336
1721,968041,7744328
1722,1221812,9774496
1723,780851,6246808
1724,788312,6306496
1725,872192,6977536
1726,713464,5707712
1727,871906,6975248
1728,867054,6936432
1729,1092274,8738192
1730,713685,5709480
1731,1000694,8005552
1732,1184229,9473832
1733,698348,5586784
1734,1057887,8463096
1735,1119975,8959800
1736,745104,5960832
1737,1093017,8744136
1738,930169,7441352
1739,1116405,8931240
1740,1019460,8155680
1741,747713,5981704
1742,685936,5487488
1743,942311,7538488
1744,761908,6095264
1745,772284,6178272
1746,819562,6556496
1747,967796,7742368
1748,844671,6757368
1749,1243192,9945536
1750,1101558,8812464
1751,843513,6748104
1752,1147427,9179416
1753,775264,6202112
1754,923673,7389384
1755,1091889,8735112
1756,954177,7633416
1757,1133299,9066392
1758,1206704,9653632
1759,1051871,8414968
1760,946738,7573904
1761,667077,5336616
1762,944219,7553752
1763,1034553,8276424
1764,1217169,9737352
1765,629036,5032288
1766,858424,6867392
1767,772245,6177960
1768,936558,7492464
1769,987291,7898328
1770,666153,5329224
1771,821709,6573672
1772,999913,7999304
1773,978448,7827584
1774,815549,6524392
1775,790446,6323568
1776,1006129,8049032
1777,1014580,8116640
1778,763081,6104648
1779,886862,7094896
1780,1200353,9602824
1781,781544,6252352
1782,1002986,8023888
1783,1118260,8946080
1784,1202439,9619512
1785,1038371,8306968
1786,932164,7457312
1787,827429,6619432
1788,846365,6770920
1789,1241568,9932544
1790,791774,6334192
1791,846462,6771696
1792,717719,5741752
1793,728735,5829880
1794,780084,6240672
1795,919449,7355592
1796,1108446,8867568
1797,1103503,8828024
1798,1144314,9154512
1799,1065485,8523880
1800,947755,7582040
1801,1025838,8206704
1802,986582,7892656
1803,1214724,9717792
1804,839984,6719872
1805,834750,6678000
1806,626546,5012368
1807,706327,5650616
1808,1149181,9193448
1809,1082682,8661456
1810,679070,5432560
1811,917130,7337040
1812,814951,6519608
1813,1236574,9892592
1814,854385,6835080
1815,655115,5240920
1816,1051250,8410000
1817,1162540,9300320
1818,931752,7454016
1819,1019888,8159104
1820,774643,6197144
1821,1143310,9146480
1822,754495,6035960
1823,952916,7623328
1824,1157095,9256760
1825,878279,7026232
1826,1020483,8163864
1827,959866,7678928
1828,1006895,8055160
1829,1204883,9639064
1830,1205080,9640640
1831,1230589,9844712
1832,1106268,8850144
1833,812108,6496864
1834,1031860,8254880
1835,823558,6588464
1836,671944,5375552
1837,916255,7330040
1838,1052602,8420816
1839,1033575,8268600
1840,1116649,8933192
1841,976949,7815592
1842,822978,6583824
1843,1073422,8587376
1844,644881,5159048
1845,789774,6318192
1846,697672,5581376
1847,719064,5752512
1848,1205082,9640656
1849,1180182,9441456
1850,960566,7684528
1851,900201,7201608
1852,1048687,8389496
1853,1173312,9386496
1854,792454,6339632
1855,1123754,8990032
1856,1184958,9479664
1857,906698,7253584
1858,797552,6380416
1859,903325,7226600
1860,829890,6639120
1861,913028,7304224
1862,676583,5412664
1863,914023,7312184
1864,1036212,8289696
1865,870804,6966432
1866,1055041,8440328
1867,967261,7738088
1868,1221566,9772528
1869,788722,6309776
1870,1202915,9623320
1871,1211027,9688216
1872,1028859,8230872
1873,986192,7889536
1874,681140,5449120
1875,1157812,9262496
1876,849971,6799768
1877,1043399,8347192
1878,1064036,8512288
1879,1163330,9306640
1880,983865,7870920
1881,724359,5794872
1882,1190250,9522000
1883,1073441,8587528
1884,1158745,9269960
1885,650313,5202504
1886,1124564,8996512
1887,959516,7676128
1888,787379,6299032
1889,934993,7479944
1890,1135631,9085048
1891,915377,7323016
1892,767082,6136656
1893,964679,7717432
1894,777879,6223032
1895,1136505,9092040
1896,722081,5776648
1897,778232,6225856
1898,1209413,9675304
1899,800994,6407952
1900,944993,7559944
1901,1230212,9841696
1902,1052025,8416200
1903,971508,7772064
1904,1156418,9251344
1905,896826,7174608
1906,727501,5820008
1907,725960,5807680
1908,660015,5280120
1909,1191107,9528856
1910,942551,7540408
1911,1248199,9985592
1912,791978,6335824
1913,1014975,8119800
1914,730912,5847296
1915,917691,7341528
1916,1182310,9458480
1917,805179,6441432
1918,1197563,9580504
1919,1187928,9503424
1920,1186005,9488040
1921,973104,7784832
1922,762029,6096232
1923,1003189,8025512
1924,1138548,9108384
1925,968855,7750840
1926,1219571,9756568
1927,680772,5446176
1928,1242116,9936928
1929,1150748,9205984
1930,1136368,9090944
1931,673995,5391960
1932,993413,7947304
1933,1180190,9441520
1934,802633,6421064
1935,1111641,8893128
1936,995812,7966496
1937,713035,5704280
1938,1241021,9928168
1939,1108804,8870432
1940,1236505,9892040
1941,732087,5856696
1942,827440,6619520
1943,1023694,8189552
1944,872113,6976904
1945,1218442,9747536
1946,905245,7241960
1947,631624,5052992
1948,808364,6466912
1949,915198,7321584
1950,688982,5511856
1951,919106,7352848
1952,1210622,9684976
1953,1016806,8134448
1954,937943,7503544
1955,977187,7817496
1956,752733,6021864
1957,833445,6667560
1958,1138726,9109808
1959,660039,5280312
1960,726807,5814456
1961,692362,5538896
1962,643217,5145736
1963,1074275,8594200
1964,1091645,8733160
1965,1174586,9396688
1966,808122,6464976
1967,918380,7347040
1968,644260,5154080
1969,826163,6609304
1970,951973,7615784
1971,682372,5458976
1972,931650,7453200
1973,1137799,9102392
1974,1208827,9670616
1975,786288,6290304
1976,818448,6547584
1977,983195,7865560
1978,630587,5044696
1979,1025923,8207384
1980,803162,6425296
1981,950278,7602224
1982,1038951,8311608
1983,951817,7614536
1984,999177,7993416
1985,990653,7925224
1986,1067283,8538264
1987,1055698,8445584
1988,1007653,8061224
1989,755112,6040896
1990,1076560,8612480
1991,932696,7461568
1992,1040503,8324024
1993,886876,7095008
1994,1184377,9475016
1995,1096820,8774560
1996,1071194,8569552
1997,870168,6961344
1998,725063,5800504
1999,658109,5264872
2000,761639,6093112
2001,955779,7646232
2002,654538,5236304
2003,1173631,9389048
2004,1009630,8077040
2005,917513,7340104
2006,974150,7793200
2007,688104,5504832
2008,1031143,8249144
2009,1226402,9811216
2010,867244,6937952
2011,1132441,9059528
2012,1111284,8890272
2013,1103045,8824360
2014,1128577,9028616
2015,785350,6282800
2016,643960,5151680
2017,1103802,8830416
2018,1185862,9486896
2019,1131644,9053152
2020,731417,5851336
2021,881518,7052144
2022,1007982,8063856
2023,927817,7422536
2024,842261,6738088
2025,978266,7826128
2026,1213476,9707808
2027,1083288,8666304
2028,1053887,8431096
2029,908836,7270688
2030,727541,5820328
2031,702013,5616104
2032,962592,7700736
2033,913258,7306064
2034,648714,5189712
2035,884440,7075520
2036,1027377,8219016
2037,958581,7668648
2038,1056293,8450344
2039,999895,7999160
2040,1009637,8077096
2041,980156,7841248
2042,1120123,8960984
2043,779052,6232416
2044,679183,5433464
2045,766441,6131528
2046,821180,6569440
2047,1064877,8519016
2048,718424,5747392
2049,734250,5874000
2050,859439,6875512
2051,640570,5124560
2052,924171,7393368
2053,649296,5194368
2054,1222974,9783792
2055,879435,7035480
2056,944617,7556936
2057,842111,6736888
2058,796686,6373488
2059,927437,7419496
2060,849760,6798080
2061,935411,7483288
2062,821497,6571976
2063,1221849,9774792
2064,1205789,9646312
2065,872071,6976568
2066,780536,6244288
2067,1023284,8186272
2068,1207979,9663832
2069,1047666,8381328
2070,1245309,9962472
2071,993942,7951536
2072,1082141,8657128
2073,958108,7664864
2074,735656,5885248
2075,994094,7952752
2076,1181966,9455728
2077,778908,6231264
2078,1098629,8789032
2079,976740,7813920
2080,800311,6402488
2081,1209843,9678744
2082,800787,6406296
2083,799804,6398432
2084,641413,5131304
2085,735484,5883872
2086,770550,6164400
2087,1083619,8668952
2088,815360,6522880
2089,673008,5384064
2090,1029234,8233872
2091,685758,5486064
2092,979479,7835832
2093,745099,5960792
2094,1108197,8865576
2095,740743,5925944
2096,917876,7343008
2097,1233552,9868416
2098,829301,6634408
2099,745269,5962152
2100,801457,6411656
2101,1030805,8246440
2102,688258,5506064
2103,664558,5316464
2104,1027687,8221496
2105,763507,6108056
2106,735548,5884384
2107,886969,7095752
2108,825920,6607360
2109,668894,5351152
2110,719114,5752912
2111,1022529,8180232
2112,952643,7621144
2113,808143,6465144
2114,986797,7894376
2115,920260,7362080
2116,690438,5523504
2117,736947,5895576
2118,1163909,9311272
2119,1103652,8829216
2120,773682,6189456
2121,1168613,9348904
2122,1147534,9180272
2123,927819,7422552
2124,640305,5122440
2125,846860,6774880
2126,1037749,8301992
2127,641141,5129128
2128,952302,7618416
2129,627965,5023720
2130,1243506,9948048
2131,944971,7559768
2132,873712,6989696
2133,1030832,8246656
2134,1019939,8159512
2135,942743,7541944
2136,1195695,9565560
2137,1168167,9345336
2138,744508,5956064
2139,894278,7154224
2140,666467,5331736
2141,777102,6216816
2142,1169372,9354976
2143,755745,6045960
2144,1128980,9031840
2145,966047,7728376
2146,1188653,9509224
2147,928866,7430928
2148,912132,7297056
2149,837053,6696424
2150,1039163,8313304
2151,1209186,9673488
2152,1185155,9481240
2153,753223,6025784
2154,886205,7089640
2155,1021910,8175280
2156,850471,6803768
2157,1245023,9960184
2158,1163312,9306496
2159,1058375,8467000
2160,836930,6695440
2161,909235,7273880
2162,1146287,9170296
2163,1097491,8779928
2164,804283,6434264
2165,1229115,9832920
2166,829210,6633680
2167,1007216,8057728
2168,656507,5252056
2169,685792,5486336
2170,850444,6803552
2171,790075,6320600
2172,724118,5792944
2173,1090835,8726680
2174,875443,7003544
2175,1206845,9654760
2176,639214,5113712
2177,1135809,9086472
2178,627741,5021928
2179,736744,5893952
2180,1182500,9460000
2181,667342,5338736
2182,1101251,8810008
2183,1089211,8713688
2184,1012290,8098320
2185,1088990,8711920
2186,719751,5758008
2187,1048910,8391280
2188,1132440,9059520
2189,792298,6338384
2190,724246,5793968
2191,1118141,8945128
2192,1042991,8343928
2193,867166,6937328
2194,1194802,9558416
2195,1145312,9162496
2196,754027,6032216
2197,1142549,9140392
2198,707522,5660176
2199,645848,5166784
2200,960672,7685376
2201,911043,7288344
2202,768680,6149440
2203,1229425,9835400
2204,1014356,8114848
2205,1220513,9764104
2206,952257,7618056
2207,1218330,9746640
2208,1058394,8467152
2209,866919,6935352
2210,1032520,8260160
2211,1007623,8060984
2212,854083,6832664
2213,819252,6554016
2214,845209,6761672
2215,1030476,8243808
2216,1114772,8918176
2217,751160,6009280
2218,1053768,8430144
2219,720533,5764264
2220,1189390,9515120
2221,1110977,8887816
2222,860896,6887168
2223,1000861,8006888
2224,1065245,8521960
2225,691411,5531288
2226,973670,7789360
2227,1005294,8042352
2228,738485,5907880
2229,814775,6518200
2230,1216369,9730952
2231,863663,6909304
2232,1150044,9200352
2233,1052115,8416920
2234,1159949,9279592
2235,750268,6002144
2236,669045,5352360
2237,896585,7172680
2238,651067,5208536
2239,957584,7660672
2240,1184932,9479456
2241,643185,5145480
2242,706365,5650920
2243,644545,5156360
2244,887658,7101264
2245,1136277,9090216
2246,852410,6819280
2247,1150229,9201832
2248,678669,5429352
2249,800436,6403488
2250,1139681,9117448
2251,967842,7742736
2252,1047897,8383176
2253,1004672,8037376
2254,1129736,9037888
2255,852142,6817136
2256,1156953,9255624
2257,943449,7547592
2258,1145168,9161344
2259,683485,5467880
2260,643404,5147232
2261,836338,6690704
2262,943067,7544536
2263,1059634,8477072
2264,867181,6937448
2265,721000,5768000
2266,635376,5083008
2267,1026469,8211752
2268,678680,5429440
2269,1199531,9596248
2270,1083153,8665224
2271,918492,7347936
2272,1248662,9989296
2273,851028,6808224
2274,1146556,9172448
2275,1246487,9971896
2276,1238349,9906792
2277,893521,7148168
2278,1236916,9895328
2279,717194,5737552
2280,703520,5628160
2281,849478,6795824
2282,762138,6097104
2283,1010944,8087552
2284,824394,6595152
2285,927855,7422840
2286,743623,5948984
2287,1074226,8593808
2288,1005041,8040328
2289,760219,6081752
2290,1007183,8057464
2291,1183457,9467656
2292,1158846,9270768
2293,679274,5434192
2294,964249,7713992
2295,1172033,9376264
2296,704688,5637504
2297,1105859,8846872
2298,939517,7516136
2299,1214186,9713488
2300,1223560,9788480
2301,1199113,9592904
2302,921739,7373912
2303,1132254,9058032
2304,876960,7015680
2305,1213218,9705744
2306,696002,5568016
2307,808785,6470280
2308,1116709,8933672
2309,840220,6721760
2310,1090636,8725088
2311,808034,6464272
2312,651253,5210024
2313,1073577,8588616
2314,1027524,8220192
2315,1212067,9696536
2316,855879,6847032
2317,708587,5668696
2318,1031841,8254728
2319,989880,7919040
2320,736089,5888712
2321,1228774,9830192
2322,749461,5995688
2323,1083037,8664296
2324,663447,5307576
2325,1126505,9012040
2326,652333,5218664
2327,916364,7330912
2328,1008190,8065520
2329,951224,7609792
2330,667888,5343104
2331,1190216,9521728
2332,669731,5357848
2333,751812,6014496
2334,690805,5526440
2335,825810,6606480
2336,996100,7968800
2337,1029156,8233248
2338,808066,6464528
2339,636474,5091792
2340,895480,7163840
2341,981856,7854848
2342,955407,7643256
2343,1116843,8934744
2344,1116850,8934800
2345,1098387,8787096
2346,771175,6169400
2347,1161170,9289360
2348,725977,5807816
2349,680437,5443496
2350,660166,5281328
2351,956437,7651496
2352,646924,5175392
2353,887825,7102600
2354,824604,6596832
2355,1078681,8629448
2356,1164780,9318240
2357,879008,7032064
2358,698512,5588096
2359,727577,5820616
2360,922589,7380712
2361,999970,7999760
2362,1213609,9708872
2363,1158815,9270520
2364,1174308,9394464
2365,688873,5510984
2366,917472,7339776
2367,894746,7157968
2368,930933,7447464
2369,997925,7983400
2370,1045765,8366120
2371,1218488,9747904
2372,807801,6462408
2373,731945,5855560
2374,847343,6778744
2375,642239,5137912
2376,924542,7396336
2377,831327,6650616
2378,1058087,8464696
2379,1073390,8587120
2380,773759,6190072
2381,983002,7864016
2382,1019154,8153232
2383,902429,7219432
2384,949065,7592520
2385,1233320,9866560
2386,1174805,9398440
2387,1200605,9604840
2388,1059391,8475128
2389,743020,5944160
2390,677575,5420600
2391,797107,6376856
2392,1239705,9917640
2393,766229,6129832
2394,728311,5826488
2395,985028,7880224
2396,772421,6179368
2397,918500,7348000
2398,728422,5827376
2399,760239,6081912
2400,1076806,8614448
2401,778727,6229816
2402,1166690,9333520
2403,947332,7578656
2404,825573,6604584
2405,744016,5952128
2406,919109,7352872
2407,917590,7340720
2408,1025773,8206184
2409,639531,5116248
2410,799907,6399256
2411,975126,7801008
2412,631283,5050264
2413,1118936,8951488
2414,719163,5753304
2415,755380,6043040
2416,1099342,8794736
2417,828479,6627832
2418,1063083,8504664
2419,1106033,8848264
2420,1075044,8600352
2421,674510,5396080
2422,1235447,9883576
2423,1059646,8477168
2424,1148739,9189912
2425,1020998,8167984
2426,1033894,8271152
2427,794942,6359536
2428,859972,6879776
2429,864985,6919880
2430,641549,5132392
2431,765040,6120320
2432,1185955,9487640
2433,1162153,9297224
2434,672186,5377488
2435,819787,6558296
2436,880852,7046816
2437,873685,6989480
2438,1041068,8328544
2439,997480,7979840
2440,1112916,8903328
2441,656464,5251712
2442,872210,6977680
2443,834026,6672208
2444,1073710,8589680
2445,929444,7435552
2446,1188537,9508296
2447,1014106,8112848
2448,757393,6059144
2449,685676,5485408
2450,936195,7489560
2451,892311,7138488
2452,920318,7362544
2453,654310,5234480
2454,1143592,9148736
2455,991407,7931256
2456,971764,7774112
2457,716725,5733800
2458,737845,5902760
2459,821148,6569184
2460,772005,6176040
2461,926960,7415680
2462,756873,6054984
2463,1213022,9704176
2464,1085021,8680168
2465,728181,5825448
2466,1164828,9318624
2467,1139028,9112224
2468,721871,5774968
2469,969634,7757072
2470,1023668,8189344
2471,1071911,8575288
2472,924309,7394472
2473,922038,7376304
2474,936530,7492240
2475,885039,7080312
2476,804340,6434720
2477,719165,5753320
2478,786150,6289200
2479,962669,7701352
2480,715126,5721008
2481,732277,5858216
2482,1093219,8745752
2483,1106817,8854536
2484,1212273,9698184
2485,699607,5596856
2486,761006,6088048
2487,905258,7242064
2488,1003043,8024344
2489,703891,5631128
2490,702189,5617512
2491,1119104,8952832
2492,946738,7573904
2493,877702,7021616
2494,1105777,8846216
2495,1171133,9369064
2496,1022381,8179048
2497,662389,5299112
2498,1003724,8029792
2499,723649,5789192
2500,898325,7186600
2501,972105,7776840
2502,799503,6396024
2503,942594,7540752
2504,982757,7862056
2505,1133989,9071912
2506,1191529,9532232
2507,1054115,8432920
2508,967831,7742648
2509,1132540,9060320
2510,1083775,8670200
2511,708980,5671840
2512,891535,7132280
2513,1006709,8053672
2514,1004762,8038096
2515,819605,6556840
2516,847925,6783400
2517,898529,7188232
2518,1186560,9492480
2519,1035212,8281696
2520,806573,6452584
2521,681801,5454408
2522,906604,7252832
2523,1213909,9711272
2524,770911,6167288
2525,928691,7429528
2526,992297,7938376
2527,755787,6046296
2528,910320,7282560
2529,634541,5076328
2530,1241288,9930304
2531,1034409,8275272
2532,1167741,9341928
2533,1061187,8489496
2534,1181291,9450328
2535,987811,7902488
2536,839194,6713552
2537,1246210,9969680
2538,1085483,8683864
2539,765348,6122784
2540,719401,5755208
2541,1132861,9062888
2542,1223037,9784296
2543,1166054,9328432
2544,1095642,8765136
2545,987605,7900840
2546,1219311,9754488
2547,969444,7755552
2548,692280,5538240
2549,942042,7536336
2550,699840,5598720
2551,996075,7968600
2552,739972,5919776
2553,883976,7071808
2554,863419,6907352
2555,803122,6424976
2556,983946,7871568
2557,1006393,8051144
2558,1158783,9270264
2559,819526,6556208
2560,1057705,8461640
2561,751637,6013096
2562,636991,5095928
2563,1106040,8848320
2564,968503,7748024
2565,982125,7857000
2566,974454,7795632
2567,1154386,9235088
2568,1077688,8621504
2569,873475,6987800
2570,643288,5146304
2571,759262,6074096
2572,763377,6107016
2573,1042739,8341912
2574,974220,7793760
2575,1042318,8338544
2576,973994,7791952
2577,1210466,9683728
2578,954181,7633448
2579,933168,7465344
2580,1217314,9738512
2581,651090,5208720
2582,774314,6194512
2583,967294,7738352
2584,1103705,8829640
2585,1113217,8905736
2586,957192,7657536
2587,1229287,9834296
2588,1023305,8186440
2589,894580,7156640
2590,895995,7167960
2591,1133268,9066144
2592,715787,5726296
2593,1054552,8436416
2594,656481,5251848
2595,933019,7464152
2596,733837,5870696
2597,993917,7951336
2598,762070,6096560
2599,1157918,9263344
2600,677644,5421152
2601,973816,7790528
2602,1037427,8299416
2603,889259,7114072
2604,734957,5879656
2605,1028217,8225736
2606,1214360,9714880
2607,819686,6557488
2608,717345,5738760
2609,808997,6471976
2610,922375,7379000
2611,1053969,8431752
2612,1029413,8235304
2613,832721,6661768
2614,1158526,9268208
2615,867553,6940424
2616,1047228,8377824
2617,630646,5045168
2618,920355,7362840
2619,850175,6801400
2620,864567,6916536
2621,1128526,9028208
2622,1093722,8749776
2623,929559,7436472
2624,853105,6824840
2625,930513,7444104
2626,1071729,8573832
2627,750616,6004928
2628,630365,5042920
2629,637647,5101176
2630,628306,5026448
2631,808915,6471320
2632,1213016,9704128
2633,817937,6543496
2634,1140355,9122840
2635,782234,6257872
2636,829323,6634584
2637,1197812,9582496
2638,1243002,9944016
2639,919561,7356488
2640,716568,5732544
2641,875575,7004600
2642,948720,7589760
2643,1110656,8885248
2644,716489,5731912
2645,1084546,8676368
2646,886402,7091216
2647,1004788,8038304
2648,1224260,9794080
2649,1067757,8542056
2650,1055373,8442984
2651,1103808,8830464
2652,900384,7203072
2653,983386,7867088
2654,648528,5188224
2655,984634,7877072
2656,875273,7002184
2657,919141,7353128
2658,961366,7690928
2659,667953,5343624
2660,817337,6538696
2661,764079,6112632
2662,938968,7511744
2663,1186964,9495712
2664,701685,5613480
2665,767941,6143528
2666,1235029,9880232
2667,1208383,9667064
2668,994952,7959616
2669,865461,6923688
2670,882587,7060696
2671,1068164,8545312
2672,1163013,9304104
2673,1025076,8200608
2674,786232,6289856
2675,1155771,9246168
2676,793531,6348248
2677,716580,5732640
2678,1068361,8546888
2679,641924,5135392
2680,778681,6229448
2681,932019,7456152
2682,1149906,9199248
2683,1046398,8371184
2684,1051435,8411480
2685,1198466,9587728
2686,906132,7249056
2687,781962,6255696
2688,821768,6574144
2689,1204572,9636576
2690,679986,5439888
2691,1236933,9895464
2692,986270,7890160
2693,1041038,8328304
2694,861236,6889888
2695,1213171,9705368
2696,715167,5721336
2697,1139916,9119328
2698,693868,5550944
2699,936047,7488376
2700,1077175,8617400
2701,978044,7824352
2702,1144730,9157840
2703,834684,6677472
2704,1246975,9975800
2705,908332,7266656
2706,911186,7289488
2707,1095754,8766032
2708,647316,5178528
2709,731746,5853968
2710,672256,5378048
2711,916541,7332328
2712,848155,6785240
2713,859868,6878944
2714,973921,7791368
2715,1122137,8977096
2716,664019,5312152
2717,809006,6472048
2718,756954,6055632
2719,819092,6552736
2720,1013385,8107080
2721,1039243,8313944
2722,723988,5791904
2723,1141332,9130656
2724,1085816,8686528
2725,711810,5694480
2726,645651,5165208
2727,733760,5870080
2728,1074780,8598240
2729,832767,6662136
2730,954443,7635544
2731,811643,6493144
2732,858915,6871320
2733,989555,7916440
2734,1023627,8189016
2735,658801,5270408
2736,869475,6955800
2737,1035179,8281432
2738,1022152,8177216
2739,1084808,8678464
2740,1186648,9493184
2741,963566,7708528
2742,950596,7604768
2743,682843,5462744
2744,1000743,8005944
2745,1205582,9644656
2746,909709,7277672
2747,959533,7676264
2748,932324,7458592
2749,1121677,8973416
2750,1049572,8396576
2751,1091777,8734216
2752,984155,7873240
2753,1033431,8267448
2754,1082620,8660960
2755,895025,7160200
2756,1001726,8013808
2757,1147524,9180192
2758,707936,5663488
2759,904762,7238096
2760,1073817,8590536
2761,977065,7816520
2762,956459,7651672
2763,1220153,9761224
2764,1052275,8418200
2765,1039925,8319400
2766,1079899,8639192
2767,1156095,9248760
2768,939411,7515288
2769,1001262,8010096
2770,790794,6326352
2771,696105,5568840
2772,707642,5661136
2773,703112,5624896
2774,993165,7945320
2775,924725,7397800
2776,928225,7425800
2777,887102,7096816
2778,952627,7621016
2779,1079799,8638392
2780,958709,7669672
2781,1193305,9546440
2782,1216926,9735408
2783,737752,5902016
2784,982787,7862296
2785,1166125,9329000
2786,1131552,9052416
2787,946059,7568472
2788,966142,7729136
2789,1097128,8777024
2790,645437,5163496
2791,688450,5507600
2792,958613,7668904
2793,893373,7146984
2794,721351,5770808
2795,1015329,8122632
2796,674089,5392712
2797,1160347,9282776
2798,1100047,8800376
2799,1037663,8301304
2800,885126,7081008
2801,1067698,8541584
2802,1188097,9504776
2803,1118501,8948008
2804,1093930,8751440
2805,985859,7886872
2806,684829,5478632
2807,1202171,9617368
2808,661542,5292336
2809,887615,7100920
2810,733288,5866304
2811,717438,5739504
2812,811061,6488488
2813,1076622,8612976
2814,700535,5604280
2815,1134181,9073448
2816,898131,7185048
2817,1066511,8532088
2818,1096893,8775144
2819,1217770,9742160
2820,924383,7395064
2821,1221418,9771344
2822,1206481,9651848
2823,1084253,8674024
2824,883397,7067176
2825,710858,5686864
2826,1018594,8148752
2827,791242,6329936
2828,650413,5203304
2829,808376,6467008
2830,1136053,9088424
2831,1091945,8735560
2832,1057056,8456448
2833,1103824,8830592
2834,1136219,9089752
2835,766884,6135072
2836,850575,6804600
2837,1134543,9076344
2838,796497,6371976
2839,1093766,8750128
2840,755652,6045216
2841,781954,6255632
2842,960504,7684032
2843,843025,6744200
2844,1144411,9155288
2845,994925,7959400
2846,1119703,8957624
2847,819031,6552248
2848,972069,7776552
2849,813694,6509552
2850,1208668,9669344
2851,951709,7613672
2852,687688,5501504
2853,1114151,8913208
2854,1021430,8171440
2855,942418,7539344
2856,832965,6663720
2857,942159,7537272
2858,675801,5406408
2859,699717,5597736
2860,1194682,9557456
2861,997936,7983488
2862,782530,6260240
2863,1103023,8824184
2864,715837,5726696
2865,1059203,8473624
2866,1036444,8291552
2867,952130,7617040
2868,879554,7036432
2869,1123441,8987528
2870,930365,7442920
2871,864221,6913768
2872,638544,5108352
2873,626985,5015880
2874,1052089,8416712
2875,1234575,9876600
2876,892161,7137288
2877,1020667,8165336
2878,1069126,8553008
2879,912949,7303592
2880,685229,5481832
2881,655237,5241896
2882,689035,5512280
2883,767521,6140168
2884,945947,7567576
2885,813078,6504624
2886,1097583,8780664
2887,965430,7723440
2888,1072567,8580536
2889,758850,6070800
2890,1093601,8748808
2891,1032051,8256408
2892,749599,5996792
2893,784783,6278264
2894,1001232,8009856
2895,937179,7497432
2896,1066907,8535256
2897,1070044,8560352
2898,1140436,9123488
2899,1112708,8901664
2900,991267,7930136
2901,1141894,9135152
2902,1009602,8076816
2903,813450,6507600
2904,859492,6875936
2905,1087165,8697320
2906,773362,6186896
2907,1147633,9181064
2908,695479,5563832
2909,989356,7914848
2910,670100,5360800
2911,890515,7124120
2912,879626,7037008
2913,1071667,8573336
2914,706983,5655864
2915,712339,5698712
2916,1158543,9268344
2917,1177826,9422608
2918,972514,7780112
2919,1127696,9021568
2920,862775,6902200
2921,701517,5612136
2922,665648,5325184
2923,1107436,8859488
2924,1165540,9324320
2925,681830,5454640
2926,630263,5042104
2927,636883,5095064
2928,1002736,8021888
2929,857200,6857600
2930,890175,7121400
2931,1138419,9107352
2932,753529,6028232
2933,915249,7321992
2934,1069829,8558632
2935,881365,7050920
2936,974489,7795912
2937,1044536,8356288
2938,876211,7009688
2939,966257,7730056
2940,1248947,9991576
2941,626647,5013176
2942,1115616,8924928
2943,901526,7212208
2944,1001912,8015296
2945,864967,6919736
2946,705438,5643504
2947,1218124,9744992
2948,1087906,8703248
2949,853274,6826192
2950,1149317,9194536
2951,1138785,9110280
2952,732787,5862296
2953,1216294,9730352
2954,837392,6699136
2955,780535,6244280
2956,932927,7463416
2957,1240559,9924472
2958,687501,5500008
2959,1004247,8033976
2960,1185387,9483096
2961,691543,5532344
2962,626323,5010584
2963,1004704,8037632
2964,801914,6415312
2965,642977,5143816
2966,1123940,8991520
2967,1147184,9177472
2968,886403,7091224
2969,1078907,8631256
2970,1224173,9793384
2971,664676,5317408
2972,938824,7510592
2973,1063530,8508240
2974,1097085,8776680
2975,972281,7778248
2976,1225599,9804792
2977,719839,5758712
2978,633844,5070752
2979,1220180,9761440
2980,800348,6402784
2981,1212993,9703944
2982,1028224,8225792
2983,966788,7734304
2984,1186646,9493168
2985,723059,5784472
2986,678278,5426224
2987,863216,6905728
2988,828745,6629960
2989,832221,6657768
2990,863285,6906280
2991,825895,6607160
2992,1003821,8030568
2993,1112199,8897592
2994,1096803,8774424
2995,1055679,8445432
2996,701638,5613104
2997,669682,5357456
2998,1104594,8836752
2999,693993,5551944
3000,816407,6531256
3001,1244861,9958888
3002,1080961,8647688
3003,634496,5075968
3004,865507,6924056
3005,1050889,8407112
3006,843053,6744424
3007,682127,5457016
3008,1084999,8679992
3009,1166391,9331128
3010,965362,7722896
3011,838069,6704552
3012,1206148,9649184
3013,1048337,8386696
3014,684658,5477264
3015,1180870,9446960
3016,656545,5252360
3017,1071154,8569232
3018,1086036,8688288
3019,1168956,9351648
3020,1017607,8140856
3021,1195977,9567816
3022,1119919,8959352
3023,1232992,9863936
3024,935823,7486584
3025,918672,7349376
3026,858554,6868432
3027,1249706,9997648
3028,888730,7109840
3029,1139044,9112352
3030,1232007,9856056
3031,922220,7377760
3032,1062139,8497112
3033,742886,5943088
3034,969896,7759168
3035,828986,6631888
3036,835450,6683600
3037,639171,5113368
3038,747051,5976408
3039,692409,5539272
3040,1061853,8494824
3041,1001687,8013496
3042,688098,5504784
3043,1249199,9993592
3044,1148177,9185416
3045,1024452,8195616
3046,1167913,9343304
3047,936601,7492808
3048,1173990,9391920
3049,762300,6098400
3050,1160267,9282136
3051,681013,5448104
3052,788978,6311824
3053,871692,6973536
3054,805861,6446888
3055,1032779,8262232
3056,1214871,9718968
3057,952090,7616720
3058,950223,7601784
3059,1236945,9895560
3060,1080136,8641088
3061,1131814,9054512
3062,755079,6040632
3063,1085702,8685616
3064,964832,7718656
3065,1133313,9066504
3066,856390,6851120
3067,853057,6824456
3068,720805,5766440
3069,633917,5071336
3070,891677,7133416
3071,637449,5099592
3072,1036121,8288968
3073,1122092,8976736
3074,864772,6918176
3075,671240,5369920
3076,982100,7856800
3077,737268,5898144
3078,968747,7749976
3079,917558,7340464
3080,781500,6252000
3081,945789,7566312
3082,1246772,9974176
3083,1078055,8624440
3084,789242,6313936
3085,873677,6989416
3086,1239091,9912728
3087,1051242,8409936
3088,727859,5822872
3089,1005513,8044104
3090,1068003,8544024
3091,680709,5445672
3092,883893,7071144
3093,1091762,8734096
3094,918280,7346240
3095,1148937,9191496
3096,1122862,8982896
3097,1131025,9048200
3098,748929,5991432
3099,687592,5500736
3100,1187103,9496824
3101,645826,5166608
3102,978333,7826664
3103,966129,7729032
3104,798165,6385320
3105,979416,7835328
3106,1029460,8235680
3107,1164291,9314328
3108,992913,7943304
3109,945541,7564328
3110,718703,5749624
3111,730219,5841752
3112,840091,6720728
3113,998536,7988288
3114,655619,5244952
3115,953644,7629152
3116,1013469,8107752
3117,1175986,9407888
3118,1070302,8562416
3119,853104,6824832
3120,1156796,9254368
3121,632779,5062232
3122,1036206,8289648
3123,947044,7576352
3124,783019,6264152
3125,1080980,8647840
3126,695331,5562648
3127,1122364,8978912
3128,822678,6581424
3129,976951,7815608
3130,974851,7798808
3131,863019,6904152
3132,967699,7741592
3133,825699,6605592
3134,1106574,8852592
3135,1107245,8857960
3136,773495,6187960
3137,977793,7822344
3138,964423,7715384
3139,638598,5108784
3140,1004320,8034560
3141,1099425,8795400
3142,929482,7435856
3143,1125946,9007568
3144,724056,5792448
3145,807525,6460200
3146,900221,7201768
3147,1053093,8424744
3148,1230114,9840912
3149,812285,6498280
3150,818066,6544528
3151,1026066,8208528
3152,1070004,8560032
3153,994234,7953872
3154,750756,6006048
3155,677258,5418064
3156,778637,6229096
3157,833266,6666128
3158,704813,5638504
3159,944024,7552192
3160,765548,6124384
3161,840849,6726792
3162,1158088,9264704
3163,1042552,8340416
3164,1063126,8505008
3165,823019,6584152
3166,706363,5650904
3167,805443,6443544
3168,794857,6358856
3169,1196560,9572480
3170,1054520,8436160
3171,1227232,9817856
3172,972901,7783208
3173,1161907,9295256
3174,969255,7754040
3175,1063621,8508968
3176,856454,6851632
3177,767055,6136440
3178,687804,5502432
3179,810771,6486168
3180,1040128,8321024
3181,1151261,9210088
3182,1013587,8108696
3183,748946,5991568
3184,1073738,8589904
3185,1161810,9294480
3186,988471,7907768
3187,811036,6488288
3188,1219393,9755144
3189,1142701,9141608
3190,1059774,8478192
3191,782137,6257096
3192,715006,5720048
3193,916266,7330128
3194,1150367,9202936
3195,974143,7793144
3196,657872,5262976
3197,882454,7059632
3198,644529,5156232
3199,917309,7338472
3200,1153408,9227264
3201,905087,7240696
3202,638382,5107056
3203,1119147,8953176
3204,1111961,8895688
3205,687748,5501984
3206,1210378,9683024
3207,784054,6272432
3208,991531,7932248
3209,728803,5830424
3210,946791,7574328
3211,952444,7619552
3212,702124,5616992
3213,958072,7664576
3214,1027492,8219936
3215,1079604,8636832
3216,1020079,8160632
3217,1047365,8378920
3218,1105368,8842944
3219,1179520,9436160
3220,646409,5171272
3221,640495,5123960
3222,1227208,9817664
3223,892507,7140056
3224,652878,5223024
3225,819066,6552528
3226,1220839,9766712
3227,876222,7009776
3228,825317,6602536
3229,1034712,8277696
3230,1045124,8360992
3231,865920,6927360
3232,1175213,9401704
3233,1149933,9199464
3234,765252,6122016
3235,866222,6929776
3236,1211332,9690656
3237,648068,5184544
3238,878352,7026816
3239,746200,5969600
3240,945405,7563240
3241,864464,6915712
3242,1033151,8265208
3243,979258,7834064
3244,1233284,9866272
3245,867269,6938152
3246,922327,7378616
3247,907542,7260336
3248,648201,5185608
3249,1003766,8030128
3250,1188974,9511792
3251,836399,6691192
3252,692804,5542432
3253,1184455,9475640
3254,1118757,8950056
3255,1071385,8571080
3256,757888,6063104
3257,774762,6198096
3258,968153,7745224
3259,653683,5229464
3260,959776,7678208
3261,817527,6540216
3262,825839,6606712
3263,701614,5612912
3264,833076,6664608
3265,1156598,9252784
3266,890262,7122096
3267,1168732,9349856
3268,648984,5191872
3269,870283,6962264
3270,795447,6363576
3271,1172713,9381704
3272,739045,5912360
3273,935582,7484656
3274,1025158,8201264
3275,947746,7581968
3276,1189924,9519392
3277,848088,6784704
3278,1241087,9928696
3279,1210320,9682560
3280,1244464,9955712
3281,677252,5418016
3282,725585,5804680
3283,1104212,8833696
3284,630278,5042224
3285,667019,5336152
3286,793458,6347664
3287,828717,6629736
3288,1119003,8952024
3289,851851,6814808
3290,991148,7929184
3291,1219366,9754928
3292,1043851,8350808
3293,840113,6720904
3294,1121162,8969296
3295,927318,7418544
3296,1024503,8196024
3297,772805,6182440
3298,690720,5525760
3299,1179916,9439328
3300,1013518,8108144
3301,777923,6223384
3302,1025086,8200688
3303,675521,5404168
3304,630370,5042960
3305,995908,7967264
3306,895189,7161512
3307,857238,6857904
3308,977446,7819568
3309,940073,7520584
3310,873580,6988640
3311,752038,6016304
3312,736236,5889888
3313,1030114,8240912
3314,1100441,8803528
3315,947191,7577528
3316,919515,7356120
3317,643749,5149992
3318,840813,6726504
3319,1001970,8015760
3320,888796,7110368
3321,945061,7560488
3322,783012,6264096
3323,1065992,8527936
3324,913754,7310032
3325,671449,5371592
3326,871528,6972224
3327,781550,6252400
3328,1015182,8121456
3329,1046983,8375864
3330,1157478,9259824
3331,1056650,8453200
3332,692291,5538328
3333,1063879,8511032
3334,815990,6527920
3335,951016,7608128
3336,763997,6111976
3337,1228835,9830680
3338,918896,7351168
3339,1071233,8569864
3340,1106161,8849288
3341,1141784,9134272
3342,837706,6701648
3343,780428,6243424
3344,755390,6043120
3345,1194640,9557120
3346,1074127,8593016
3347,638799,5110392
3348,1187688,9501504
3349,1012267,8098136
3350,872645,6981160
3351,684094,5472752
3352,646528,5172224
3353,773678,6189424
3354,712102,5696816
3355,1142356,9138848
3356,986286,7890288
3357,1156497,9251976
3358,1095915,8767320
3359,1134930,9079440
3360,831411,6651288
3361,1169562,9356496
3362,943674,7549392
3363,886822,7094576
3364,675552,5404416
3365,783741,6269928
3366,1074107,8592856
3367,724285,5794280
3368,822208,6577664
3369,905803,7246424
3370,811894,6495152
3371,1008490,8067920
3372,1013929,8111432
3373,1117803,8942424
3374,737942,5903536
3375,990982,7927856
3376,636930,5095440
3377,1082856,8662848
3378,986435,7891480
3379,674577,5396616
3380,799868,6398944
3381,697117,5576936
3382,1028182,8225456
3383,846089,6768712
3384,772829,6182632
3385,769253,6154024
3386,963725,7709800
3387,1188388,9507104
3388,1169211,9353688
3389,636032,5088256
3390,862275,6898200
3391,710257,5682056
3392,735472,5883776
3393,1201217,9609736
3394,922068,7376544
3395,849051,6792408
3396,1229224,9833792
3397,890964,7127712
3398,854176,6833408
3399,956113,7648904
3400,1082549,8660392
3401,949369,7594952
3402,889205,7113640
3403,691941,5535528
3404,784421,6275368
3405,972372,7778976
3406,1074162,8593296
3407,1054604,8436832
3408,646835,5174680
3409,860255,6882040
3410,892479,7139832
3411,1021787,8174296
3412,1119229,8953832
3413,955390,7643120
3414,1161023,9288184
3415,689699,5517592
3416,1055771,8446168
3417,1039490,8315920
3418,1002799,8022392
3419,812050,6496400
3420,676313,5410504
3421,791733,6333864
3422,1228749,9829992
3423,1019023,8152184
3424,1166141,9329128
3425,756869,6054952
3426,1050536,8404288
3427,900748,7205984
3428,923653,7389224
3429,1010149,8081192
3430,1094852,8758816
3431,964093,7712744
3432,901689,7213512
3433,934637,7477096
3434,934286,7474288
3435,1188877,9511016
3436,1170683,9365464
3437,632410,5059280
3438,803329,6426632
3439,900655,7205240
3440,640462,5123696
3441,1157344,9258752
3442,869776,6958208
3443,655981,5247848
3444,956338,7650704
3445,674432,5395456
3446,1225590,9804720
3447,993268,7946144
3448,887010,7096080
3449,853601,6828808
3450,976919,7815352
3451,717311,5738488
3452,1080151,8641208
3453,946261,7570088
3454,1167392,9339136
3455,953590,7628720
3456,1134874,9078992
3457,1129825,9038600
3458,1147902,9183216
3459,1242106,9936848
3460,754697,6037576
3461,962975,7703800
3462,866904,6935232
3463,1161977,9295816
3464,1099131,8793048
3465,770391,6163128
3466,863641,6909128
3467,853944,6831552
3468,710475,5683800
3469,689192,5513536
3470,1209317,9674536
3471,1105896,8847168
3472,693680,5549440
3473,1073871,8590968
3474,1208892,9671136
3475,1015571,8124568
3476,1003765,8030120
3477,639299,5114392
3478,703863,5630904
3479,713551,5708408
3480,878985,7031880
3481,1031807,8254456
3482,647908,5183264
3483,1027229,8217832
3484,657520,5260160
3485,1194503,9556024
3486,794696,6357568
3487,1065565,8524520
3488,1031354,8250832
3489,1021025,8168200
3490,691477,5531816
3491,960959,7687672
3492,1036478,8291824
3493,675917,5407336
3494,991934,7935472
3495,1137074,9096592
3496,1059732,8477856
3497,736322,5890576
3498,772047,6176376
3499,1041041,8328328
3500,968853,7750824
3501,1125533,9004264
3502,1124305,8994440
3503,682808,5462464
3504,906996,7255968
3505,1071412,8571296
3506,768814,6150512
3507,1189078,9512624
3508,1185468,9483744
3509,1039608,8316864
3510,937379,7499032
3511,1027845,8222760
3512,785018,6280144
3513,1011720,8093760
3514,796458,6371664
3515,705155,5641240
3516,826688,6613504
3517,1145788,9166304
3518,632554,5060432
3519,1029786,8238288
3520,982151,7857208
3521,1124641,8997128
3522,981248,7849984
3523,1142768,9142144
3524,1095226,8761808
3525,864435,6915480
3526,1100132,8801056
3527,891449,7131592
3528,1062282,8498256
3529,1148694,9189552
3530,911348,7290784
3531,697628,5581024
3532,1049883,8399064
3533,798409,6387272
3534,1010179,8081432
3535,1082713,8661704
3536,1124347,8994776
3537,1041770,8334160
3538,947737,7581896
3539,1109166,8873328
3540,809858,6478864
3541,1168824,9350592
3542,824676,6597408
3543,1106788,8854304
3544,635230,5081840
3545,981562,7852496
3546,1040668,8325344
3547,993003,7944024
3548,874745,6997960
3549,977606,7820848
3550,802073,6416584
3551,827900,6623200
3552,1202107,9616856
3553,874729,6997832
3554,888426,7107408
3555,1144091,9152728
3556,671805,5374440
3557,1123029,8984232
3558,1015163,8121304
3559,969914,7759312
3560,629076,5032608
3561,989980,7919840
3562,984690,7877520
3563,1080133,8641064
3564,1169944,9359552
3565,649964,5199712
3566,1247831,9982648
3567,867522,6940176
3568,1131998,9055984
3569,1158905,9271240
3570,842130,6737040
3571,911691,7293528
3572,739458,5915664
3573,851562,6812496
3574,1175297,9402376
3575,1035644,8285152
3576,884529,7076232
3577,1023387,8187096
3578,676032,5408256
3579,1210108,9680864
3580,997476,7979808
3581,1187365,9498920
3582,898904,7191232
3583,1218951,9751608
3584,851812,6814496
3585,805702,6445616
3586,795523,6364184
3587,1170017,9360136
3588,1091646,8733168
3589,731441,5851528
3590,1072131,8577048
3591,828037,6624296
3592,843363,6746904
3593,1165140,9321120
3594,918031,7344248
3595,1073174,8585392
3596,783575,6268600
3597,911432,7291456
3598,715322,5722576
3599,625024,5000192
3600,625718,5005744
3601,1002034,8016272
3602,967747,7741976
3603,792844,6342752
3604,874087,6992696
3605,1157076,9256608
3606,836703,6693624
3607,660028,5280224
3608,804187,6433496
3609,735478,5883824
3610,1075523,8604184
3611,761181,6089448
3612,886315,7090520
3613,1048590,8388720
3614,918857,7350856
3615,883864,7070912
3616,1238471,9907768
3617,801531,6412248
3618,1156000,9248000
3619,1067058,8536464
3620,637071,5096568
3621,941243,7529944
3622,1227494,9819952
3623,762780,6102240
3624,1185940,9487520
3625,790723,6325784
3626,1002169,8017352
3627,642783,5142264
3628,1125938,9007504
3629,714868,5718944
3630,677538,5420304
3631,1112336,8898688
3632,686093,5488744
3633,636838,5094704
3634,1227586,9820688
3635,1069740,8557920
3636,1232377,9859016
3637,956897,7655176
3638,1233186,9865488
3639,975317,7802536
3640,802437,6419496
3641,985637,7885096
3642,1122477,8979816
3643,1148966,9191728
3644,975753,7806024
3645,1046364,8370912
3646,950013,7600104
3647,795363,6362904
3648,797762,6382096
3649,845281,6762248
3650,916731,7333848
3651,866792,6934336
3652,646924,5175392
3653,958860,7670880
3654,1167246,9337968
3655,742763,5942104
3656,730900,5847200
3657,960581,7684648
3658,865438,6923504
3659,897016,7176128
3660,729184,5833472
3661,902897,7223176
3662,988957,7911656
3663,1087326,8698608
3664,1012629,8101032
3665,1222868,9782944
3666,752454,6019632
3667,1218646,9749168
3668,792550,6340400
3669,698764,5590112
3670,744932,5959456
3671,1193374,9546992
3672,781811,6254488
3673,674621,5396968
3674,1228957,9831656
3675,982069,7856552
3676,887749,7101992
3677,807543,6460344
3678,901402,7211216
3679,1125116,9000928
3680,1049824,8398592
3681,819770,6558160
3682,896777,7174216
3683,744314,5954512
3684,815023,6520184
3685,704309,5634472
3686,924770,7398160
3687,1132727,9061816
3688,1190649,9525192
3689,1203096,9624768
3690,884417,7075336
3691,1230878,9847024
3692,898178,7185424
3693,1145910,9167280
3694,911553,7292424
3695,1138789,9110312
3696,1244429,9955432
3697,992368,7938944
3698,1197960,9583680
3699,817402,6539216
3700,625807,5006456
3701,651894,5215152
3702,996968,7975744
3703,1212704,9701632
3704,843427,6747416
3705,1173343,9386744
3706,783743,6269944
3707,1097853,8782824
3708,1244041,9952328
3709,996835,7974680
3710,1239789,9918312
3711,1068804,8550432
3712,1023736,8189888
3713,909232,7273856
3714,858554,6868432
3715,993800,7950400
3716,935764,7486112
3717,1067740,8541920
3718,876564,7012512
3719,917379,7339032
3720,833045,6664360
3721,819084,6552672
3722,1065683,8525464
3723,1173731,9389848
3724,946223,7569784
3725,1020557,8164456
3726,863500,6908000
3727,685854,5486832
3728,639216,5113728
3729,944583,7556664
3730,884549,7076392
3731,1163815,9310520
3732,671435,5371480
3733,637405,5099240
3734,966150,7729200
3735,1000506,8004048
3736,825535,6604280
3737,901694,7213552
3738,1101674,8813392
3739,840678,6725424
3740,1098785,8790280
3741,1054229,8433832
3742,1196040,9568320
3743,719458,5755664
3744,845693,6765544
3745,1007691,8061528
3746,1153564,9228512
3747,748498,5987984
3748,1239076,9912608
3749,681862,5454896
3750,757127,6057016
3751,987960,7903680
3752,797475,6379800
3753,880047,7040376
3754,752838,6022704
3755,887442,7099536
3756,1089182,8713456
3757,661997,5295976
3758,1152612,9220896
3759,745390,5963120
3760,1138838,9110704
3761,1056230,8449840
3762,1154593,9236744
3763,1165266,9322128
3764,1066182,8529456
3765,979903,7839224
3766,829786,6638288
3767,1016515,8132120
3768,855783,6846264
3769,862776,6902208
3770,1248955,9991640
3771,965918,7727344
3772,656906,5255248
3773,848674,6789392
3774,896054,7168432
3775,1205775,9646200
3776,845451,6763608
3777,1217387,9739096
3778,681679,5453432
3779,1012553,8100424
3780,984034,7872272
3781,785503,6284024
3782,1070253,8562024
3783,1150839,9206712
3784,1092140,8737120
3785,1146542,9172336
3786,1131263,9050104
3787,811758,6494064
3788,946695,7573560
3789,820301,6562408
3790,929732,7437856
3791,638071,5104568
3792,987366,7898928
3793,725009,5800072
3794,1056060,8448480
3795,1243440,9947520
3796,1167396,9339168
3797,740096,5920768
3798,845375,6763000
3799,1249804,9998432
3800,891240,7129920
3801,661552,5292416
3802,878644,7029152
3803,981472,7851776
3804,816452,6531616
3805,1228270,9826160
3806,825384,6603072
3807,819078,6552624
3808,1036646,8293168
3809,943254,7546032
3810,902646,7221168
3811,1152462,9219696
3812,667130,5337040
3813,774748,6197984
3814,1149714,9197712
3815,853454,6827632
3816,625399,5003192
3817,997625,7981000
3818,972438,7779504
3819,784158,6273264
3820,1151705,9213640
3821,717597,5740776
3822,1043149,8345192
3823,709352,5674816
3824,744009,5952072
3825,871574,6972592
3826,1137127,9097016
3827,906277,7250216
3828,1019892,8159136
3829,961719,7693752
3830,879859,7038872
3831,1119885,8959080
3832,630705,5045640
3833,1146251,9170008
3834,933889,7471112
3835,631378,5051024
3836,651295,5210360
3837,808605,6468840
3838,782620,6260960
3839,738755,5910040
3840,966267,7730136
3841,632482,5059856
3842,764606,6116848
3843,1029749,8237992
3844,1009681,8077448
3845,1106053,8848424
3846,1084672,8677376
3847,724075,5792600
3848,949495,7595960
3849,991174,7929392
3850,676403,5411224
3851,968309,7746472
3852,1174673,9397384
3853,1033476,8267808
3854,637536,5100288
3855,1033900,8271200
3856,991875,7935000
3857,747678,5981424
3858,748707,5989656
3859,726914,5815312
3860,702018,5616144
3861,1140308,9122464
3862,689954,5519632
3863,1193736,9549888
3864,892287,7138296
3865,901784,7214272
3866,1003586,8028688
3867,1074837,8598696
3868,626961,5015688
3869,1212493,9699944
3870,759158,6073264
3871,1166511,9332088
3872,858908,6871264
3873,889042,7112336
3874,984494,7875952
3875,820954,6567632
3876,1032690,8261520
3877,758177,6065416
3878,629925,5039400
3879,671814,5374512
3880,1216858,9734864
3881,705699,5645592
3882,796100,6368800
3883,695370,5562960
3884,994677,7957416
3885,1108055,8864440
3886,726077,5808616
3887,1060260,8482080
3888,726524,5812192
3889,1064467,8515736
3890,1169523,9356184
3891,1145881,9167048
3892,684376,5475008
3893,790972,6327776
3894,875646,7005168
3895,948810,7590480
3896,763062,6104496
3897,767230,6137840
3898,658526,5268208
3899,1154272,9234176
3900,665109,5320872
3901,1161020,9288160
3902,720817,5766536
3903,1141976,9135808
3904,982291,7858328
3905,1184259,9474072
3906,1134991,9079928
3907,708519,5668152
3908,980860,7846880
3909,1071983,8575864
3910,796238,6369904
3911,791941,6335528
3912,856005,6848040
3913,767053,6136424
3914,1140244,9121952
3915,961312,7690496
3916,1079476,8635808
3917,712712,5701696
3918,1189060,9512480
3919,886096,7088768
3920,734192,5873536
3921,1125024,9000192
3922,1137382,9099056
3923,852811,6822488
3924,642580,5140640
3925,891442,7131536
3926,791755,6334040
3927,1197632,9581056
3928,1228964,9831712
3929,1016273,8130184
3930,1188338,9506704
3931,753658,6029264
3932,725713,5805704
3933,795706,6365648
3934,1032174,8257392
3935,800527,6404216
3936,855295,6842360
3937,735365,5882920
3938,1232014,9856112
3939,743298,5946384
3940,786959,6295672
3941,1194888,9559104
3942,1033581,8268648
3943,805621,6444968
3944,666686,5333488
3945,839789,6718312
3946,932473,7459784
3947,1226611,9812888
3948,1169623,9356984
3949,965948,7727584
3950,1245338,9962704
3951,1104873,8838984
3952,1088970,8711760
3953,626518,5012144
3954,717029,5736232
3955,1113133,8905064
3956,1213620,9708960
3957,1118736,8949888
3958,997647,7981176
3959,1121611,8972888
3960,729451,5835608
3961,955291,7642328
3962,882284,7058272
3963,1055482,8443856
3964,669501,5356008
3965,1152779,9222232
3966,1090061,8720488
3967,1129463,9035704
3968,922733,7381864
3969,882507,7060056
3970,1167154,9337232
3971,846476,6771808
3972,1226487,9811896
3973,667267,5338136
3974,719290,5754320
3975,804433,6435464
3976,1168207,9345656
3977,674130,5393040
3978,1149752,9198016
3979,1048819,8390552
3980,630720,5045760
3981,718254,5746032
3982,1087674,8701392
3983,853630,6829040
3984,1227052,9816416
3985,754821,6038568
3986,919668,7357344
3987,1143506,9148048
3988,955789,7646312
3989,755684,6045472
3990,1184716,9477728
3991,857880,6863040
3992,1231173,9849384
3993,1021813,8174504
3994,1023784,8190272
3995,923213,7385704
3996,1016887,8135096
3997,920977,7367816
3998,899153,7193224
3999,1226286,9810288
4000,896266,7170128
4001,1179290,9434320
4002,1196126,9569008
4003,844894,6759152
4004,1134157,9073256
4005,1116127,8929016
4006,675681,5405448
4007,725451,5803608
4008,1192631,9541048
4009,826391,6611128
4010,1091740,8733920
4011,1204421,9635368
4012,1232391,9859128
4013,914183,7313464
4014,707964,5663712
4015,959296,7674368
4016,1240635,9925080
4017,939439,7515512
4018,911219,7289752
4019,1055556,8444448
4020,1208662,9669296
4021,1149815,9198520
4022,1185160,9481280
4023,1172117,9376936
4024,1041259,8330072
4025,791927,6335416
4026,1128541,9028328
4027,1042939,8343512
4028,743891,5951128
4029,647748,5181984
4030,997323,7978584
4031,964025,7712200
4032,641088,5128704
4033,1006611,8052888
4034,752801,6022408
4035,1017314,8138512
4036,903728,7229824
4037,1095947,8767576
4038,788185,6305480
4039,1037774,8302192
4040,827868,6622944
4041,819368,6554944
4042,1242332,9938656
4043,1244727,9957816
4044,1039309,8314472
4045,1187736,9501888
4046,998729,7989832
4047,906994,7255952
4048,1097692,8781536
4049,1183323,9466584
4050,877752,7022016
4051,1014319,8114552
4052,1024645,8197160
4053,853408,6827264
4054,1013967,8111736
4055,859650,6877200
4056,734494,5875952
4057,741154,5929232
4058,641793,5134344
4059,1194440,9555520
4060,1213905,9711240
4061,1032180,8257440
4062,1232427,9859416
4063,744323,5954584
4064,980918,7847344
4065,1139820,9118560
4066,889176,7113408
4067,1203464,9627712
4068,1095600,8764800
4069,684684,5477472
4070,1121680,8973440
4071,1207474,9659792
4072,841784,6734272
4073,1185767,9486136
4074,696580,5572640
4075,1205846,9646768
4076,754976,6039808
4077,694831,5558648
4078,696421,5571368
4079,1017797,8142376
4080,874641,6997128
4081,645162,5161296
4082,833767,6670136
4083,931974,7455792
4084,828154,6625232
4085,1102905,8823240
4086,1194976,9559808
4087,633321,5066568
4088,1050029,8400232
4089,1069809,8558472
4090,685333,5482664
4091,992293,7938344
4092,930557,7444456
4093,1170976,9367808
4094,964924,7719392
4095,702292,5618336
4096,1028618,8228944
4097,662470,5299760
4098,1082655,8661240
4099,1058803,8470424
4100,997958,7983664
4101,775686,6205488
4102,1072197,8577576
4103,841712,6733696
4104,1175320,9402560
4105,633583,5068664
4106,998397,7987176
4107,858809,6870472
4108,741731,5933848
4109,1112760,8902080
4110,895425,7163400
4111,772519,6180152
4112,1177630,9421040
4113,1123194,8985552
4114,928115,7424920
4115,816136,6529088
4116,1102293,8818344
4117,833258,6666064
4118,1032780,8262240
4119,1196055,9568440
4120,754262,6034096
4121,1106298,8850384
4122,634706,5077648
4123,1105154,8841232
4124,766872,6134976
4125,744776,5958208
4126,833283,6666264
4127,927849,7422792
4128,932833,7462664
4129,1223508,9788064
4130,703427,5627416
4131,1176314,9410512
4132,770288,6162304
4133,1114624,8916992
4134,991992,7935936
4135,914584,7316672
4136,1040103,8320824
4137,904390,7235120
4138,870169,6961352
4139,1091513,8732104
4140,876539,7012312
4141,632929,5063432
4142,751180,6009440
4143,1205660,9645280
4144,1007889,8063112
4145,695211,5561688
4146,1229662,9837296
4147,665292,5322336
4148,1130181,9041448
4149,935577,7484616
4150,759084,6072672
4151,1096239,8769912
4152,852465,6819720
4153,742711,5941688
4154,1245892,9967136
4155,1156530,9252240
4156,797398,6379184
4157,1052090,8416720
4158,906593,7252744
4159,979793,7838344
4160,767340,6138720
4161,1193177,9545416
4162,1050579,8404632
4163,750725,6005800
4164,1215901,9727208
4165,1230038,9840304
4166,724953,5799624
4167,1013848,8110784
4168,1101427,8811416
4169,712789,5702312
4170,811837,6494696
4171,715076,5720608
4172,940749,7525992
4173,897339,7178712
4174,839559,6716472
4175,1026799,8214392
4176,815666,6525328
4177,1111999,8895992
4178,1107567,8860536
4179,1173033,9384264
4180,1022010,8176080
4181,753915,6031320
4182,784680,6277440
4183,838145,6705160
4184,1096945,8775560
4185,1062702,8501616
4186,776138,6209104
4187,1076238,8609904
4188,1086585,8692680
4189,1093772,8750176
4190,995310,7962480
4191,685446,5483568
4192,628583,5028664
4193,912603,7300824
4194,798907,6391256
4195,941575,7532600
4196,650951,5207608
4197,837541,6700328
4198,880924,7047392
4199,994776,7958208
4200,871466,6971728
4201,767546,6140368
4202,890145,7121160
4203,920619,7364952
4204,1091393,8731144
4205,769157,6153256
4206,898816,7190528
4207,968512,7748096
4208,660709,5285672
4209,708084,5664672
4210,694530,5556240
4211,1024977,8199816
4212,720495,5763960
4213,821917,6575336
4214,666291,5330328
4215,717259,5738072
4216,774176,6193408
4217,887878,7103024
4218,1007666,8061328
4219,1019033,8152264
4220,1175148,9401184
4221,905310,7242480
4222,928815,7430520
4223,783422,6267376
4224,887243,7097944
4225,1134277,9074216
4226,632786,5062288
4227,1160541,9284328
4228,917725,7341800
4229,922216,7377728
4230,1031552,8252416
4231,748982,5991856
4232,657582,5260656
4233,787869,6302952
4234,1206008,9648064
4235,887493,7099944
4236,1014192,8113536
4237,1186565,9492520
4238,1248387,9987096
4239,736732,5893856
4240,637536,5100288
4241,727200,5817600
4242,1063777,8510216
4243,1206487,9651896
4244,1104375,8835000
4245,681634,5453072
4246,714492,5715936
4247,791180,6329440
4248,717195,5737560
4249,892100,7136800
4250,637996,5103968
4251,755624,6044992
4252,737897,5903176
4253,747769,5982152
4254,1092360,8738880
4255,953647,7629176
4256,927684,7421472
4257,901152,7209216
4258,796281,6370248
4259,1080766,8646128
4260,1060745,8485960
4261,802844,6422752
4262,1184115,9472920
4263,931382,7451056
4264,740033,5920264
4265,970225,7761800
4266,932415,7459320
4267,984637,7877096
4268,1109619,8876952
4269,1033672,8269376
4270,789284,6314272
4271,656418,5251344
4272,1235016,9880128
4273,688584,5508672
4274,1110825,8886600
4275,657391,5259128
4276,677470,5419760
4277,1010809,8086472
4278,681625,5453000
4279,1129860,9038880
4280,1120212,8961696
4281,907665,7261320
4282,645629,5165032
4283,769569,6156552
4284,1149581,9196648
4285,874532,6996256
4286,645448,5163584
4287,954120,7632960
4288,1006922,8055376
4289,678197,5425576
4290,856765,6854120
4291,919026,7352208
4292,1233018,9864144
4293,1189951,9519608
4294,740471,5923768
4295,1146331,9170648
4296,680469,5443752
4297,1076389,8611112
4298,1196227,9569816
4299,925159,7401272
4300,788354,6306832
4301,1228104,9824832
4302,866364,6930912
4303,997520,7980160
4304,697984,5583872
4305,960533,7684264
4306,648653,5189224
4307,971442,7771536
4308,958731,7669848
4309,930970,7447760
4310,823831,6590648
4311,645911,5167288
4312,748308,5986464
4313,1220438,9763504
4314,1045596,8364768
4315,948677,7589416
4316,1085406,8683248
4317,1119006,8952048
4318,1169919,9359352
4319,1026163,8209304
4320,956164,7649312
4321,631884,5055072
4322,735884,5887072
4323,1241211,9929688
4324,1036628,8293024
4325,933619,7468952
4326,967617,7740936
4327,1240648,9925184
4328,737330,5898640
4329,811672,6493376
4330,1062104,8496832
4331,1201032,9608256
4332,1212695,9701560
4333,1176147,9409176
4334,917727,7341816
4335,648115,5184920
4336,1133228,9065824
4337,889316,7114528
4338,781092,6248736
4339,910143,7281144
4340,920388,7363104
4341,628085,5024680
4342,1052570,8420560
4343,1186951,9495608
4344,1073745,8589960
4345,641642,5133136
4346,710256,5682048
4347,1038947,8311576
4348,1126509,9012072
4349,1129300,9034400
4350,817389,6539112
4351,658889,5271112
4352,775212,6201696
4353,1086676,8693408
4354,1246900,9975200
4355,855702,6845616
4356,939256,7514048
4357,943106,7544848
4358,891164,7129312
4359,726823,5814584
4360,1037734,8301872
4361,795951,6367608
4362,638927,5111416
4363,1055375,8443000
4364,1131675,9053400
4365,633374,5066992
4366,639031,5112248
4367,1125885,9007080
4368,759930,6079440
4369,1140905,9127240
4370,1229875,9839000
4371,711944,5695552
4372,889749,7117992
4373,1028714,8229712
4374,1210879,9687032
4375,867178,6937424
4376,753914,6031312
4377,1163619,9308952
4378,922102,7376816
4379,1093479,8747832
4380,806101,6448808
4381,854892,6839136
4382,914864,7318912
4383,960854,7686832
4384,794331,6354648
4385,1166862,9334896
4386,1212824,9702592
4387,650075,5200600
4388,1180462,9443696
4389,792778,6342224
4390,860128,6881024
4391,677107,5416856
4392,633089,5064712
4393,696874,5574992
4394,1135841,9086728
4395,852527,6820216
4396,1220493,9763944
4397,890138,7121104
4398,975111,7800888
4399,713144,5705152
4400,1105439,8843512
4401,1017219,8137752
4402,901709,7213672
4403,756126,6049008
4404,754392,6035136
4405,1145424,9163392
4406,1148701,9189608
4407,964061,7712488
4408,893816,7150528
4409,913289,7306312
4410,794010,6352080
4411,1231870,9854960
4412,1165282,9322256
4413,1004710,8037680
4414,1085711,8685688
4415,1167150,9337200
4416,1072777,8582216
4417,655790,5246320
4418,991232,7929856
4419,839308,6714464
4420,1114387,8915096
4421,1238723,9909784
4422,843786,6750288
4423,965556,7724448
4424,1164576,9316608
4425,923009,7384072
4426,864312,6914496
4427,661753,5294024
4428,692329,5538632
4429,820697,6565576
4430,1219491,9755928
4431,679725,5437800
4432,1154556,9236448
4433,1041962,8335696
4434,853507,6828056
4435,1088592,8708736
4436,760881,6087048
4437,1187496,9499968
4438,877635,7021080
4439,985709,7885672
4440,1009500,8076000
4441,889290,7114320
4442,839489,6715912
4443,1151080,9208640
4444,983989,7871912
4445,1126598,9012784
4446,688401,5507208
4447,869564,6956512
4448,1209425,9675400
4449,1188279,9506232
4450,915526,7324208
4451,1216431,9731448
4452,917156,7337248
4453,1142546,9140368
4454,822941,6583528
4455,1116126,8929008
4456,1075980,8607840
4457,706792,5654336
4458,631021,5048168
4459,764269,6114152
4460,702173,5617384
4461,740185,5921480
4462,1208842,9670736
4463,1019090,8152720
4464,887028,7096224
4465,1208769,9670152
4466,1087852,8702816
4467,1070879,8567032
4468,698268,5586144
4469,816029,6528232
4470,724735,5797880
4471,965857,7726856
4472,831759,6654072
4473,924948,7399584
4474,1206764,9654112
4475,733785,5870280
4476,1010505,8084040
4477,1138852,9110816
4478,1005249,8041992
4479,867852,6942816
4480,887215,7097720
4481,1076291,8610328
4482,1229925,9839400
4483,805386,6443088
4484,811409,6491272
4485,988338,7906704
4486,851216,6809728
4487,895591,7164728
4488,1032958,8263664
4489,1184039,9472312
4490,728306,5826448
4491,1225229,9801832
4492,694719,5557752
4493,1030915,8247320
4494,681763,5454104
4495,790641,6325128
4496,916559,7332472
4497,847347,6778776
4498,987478,7899824
4499,914432,7315456
4500,823399,6587192
4501,1165836,9326688
4502,1164162,9313296
4503,829829,6638632
4504,1147870,9182960
4505,983482,7867856
4506,1023404,8187232
4507,667221,5337768
4508,1197492,9579936
4509,701030,5608240
4510,769494,6155952
4511,1164981,9319848
4512,867668,6941344
4513,1199224,9593792
4514,1110676,8885408
4515,1069821,8558568
4516,1072524,8580192
4517,1122027,8976216
4518,1120282,8962256
4519,932574,7460592
4520,1124468,8995744
4521,883263,7066104
4522,921011,7368088
4523,683610,5468880
4524,1066108,8528864
4525,1168936,9351488
4526,1184897,9479176
4527,1141693,9133544
4528,797451,6379608
4529,794723,6357784
4530,1027524,8220192
4531,909137,7273096
4532,1191165,9529320
4533,791320,6330560
4534,1203245,9625960
4535,749881,5999048
4536,695063,5560504
4537,1128831,9030648
4538,641783,5134264
4539,1191996,9535968
4540,1046755,8374040
4541,651519,5212152
4542,1209806,9678448
4543,922831,7382648
4544,819223,6553784
4545,1072938,8583504
4546,625121,5000968
4547,1099510,8796080
4548,670734,5365872
4549,684068,5472544
4550,1172786,9382288
4551,760956,6087648
4552,1114317,8914536
4553,939767,7518136
4554,857261,6858088
4555,712407,5699256
4556,783737,6269896
4557,783918,6271344
4558,780266,6242128
4559,1077856,8622848
4560,786126,6289008
4561,886604,7092832
4562,882566,7060528
4563,628257,5026056
4564,797769,6382152
4565,729770,5838160
4566,900689,7205512
4567,1057395,8459160
4568,1204973,9639784
4569,1090255,8722040
4570,1058230,8465840
4571,1237781,9902248
4572,1113179,8905432
4573,913171,7305368
4574,1215626,9725008
4575,1072855,8582840
4576,786686,6293488
4577,946887,7575096
4578,1046728,8373824
4579,898264,7186112
4580,989999,7919992
4581,731433,5851464
4582,773768,6190144
4583,1226806,9814448
4584,709631,5677048
4585,939149,7513192
4586,628801,5030408
4587,810816,6486528
4588,1204286,9634288
4589,640686,5125488
4590,959663,7677304
4591,1135001,9080008
4592,909260,7274080
4593,1103740,8829920
4594,878162,7025296
4595,723649,5789192
4596,1146691,9173528
4597,692233,5537864
4598,730813,5846504
4599,684375,5475000
4600,902689,7221512
4601,961449,7691592
4602,881829,7054632
4603,872020,6976160
4604,760556,6084448
4605,1117532,8940256
4606,982712,7861696
4607,1018756,8150048
4608,1246141,9969128
4609,995501,7964008
4610,1243484,9947872
4611,1020621,8164968
4612,973336,7786688
4613,1112715,8901720
4614,977793,7822344
4615,901368,7210944
4616,922451,7379608
4617,1136181,9089448
4618,1002381,8019048
4619,984068,7872544
4620,931654,7453232
4621,678614,5428912
4622,730308,5842464
4623,1211670,9693360
4624,963392,7707136
4625,797117,6376936
4626,1169184,9353472
4627,672385,5379080
4628,1154728,9237824
4629,977139,7817112
4630,833148,6665184
4631,729597,5836776
4632,1082253,8658024
4633,1054822,8438576
4634,1068113,8544904
4635,1140120,9120960
4636,666952,5335616
4637,1173216,9385728
4638,932702,7461616
4639,820739,6565912
4640,1061963,8495704
4641,797652,6381216
4642,1082798,8662384
4643,719232,5753856
4644,1240072,9920576
4645,1220452,9763616
4646,921412,7371296
4647,970475,7763800
4648,903129,7225032
4649,1165634,9325072
4650,1058177,8465416
4651,759571,6076568
4652,813050,6504400
4653,690622,5524976
4654,1209833,9678664
4655,774078,6192624
4656,1188691,9509528
4657,732578,5860624
4658,1196535,9572280
4659,943890,7551120
4660,642662,5141296
4661,692221,5537768
4662,655424,5243392
4663,916201,7329608
4664,1040343,8322744
4665,641503,5132024
4666,1206815,9654520
4667,1036168,8289344
4668,694916,5559328
4669,835471,6683768
4670,664228,5313824
4671,1022193,8177544
4672,1055477,8443816
4673,797422,6379376
4674,1197212,9577696
4675,1165324,9322592
4676,922196,7377568
4677,895691,7165528
4678,640509,5124072
4679,715712,5725696
4680,1117230,8937840
4681,1177040,9416320
4682,1210765,9686120
4683,825339,6602712
4684,940400,7523200
4685,874298,6994384
4686,648665,5189320
4687,1069099,8552792
4688,804826,6438608
4689,1021471,8171768
4690,713773,5710184
4691,813547,6508376
4692,1249955,9999640
4693,1041086,8328688
4694,1123954,8991632
4695,801816,6414528
4696,1203382,9627056
4697,645597,5164776
4698,781473,6251784
4699,1159764,9278112
4700,918685,7349480
4701,772245,6177960
4702,856353,6850824
4703,877583,7020664
4704,1047435,8379480
4705,773255,6186040
4706,1186241,9489928
4707,1218291,9746328
4708,1074081,8592648
4709,662548,5300384
4710,1080911,8647288
4711,1213510,9708080
4712,1023700,8189600
4713,796306,6370448
4714,913103,7304824
4715,1043929,8351432
4716,1075291,8602328
4717,1064792,8518336
4718,1091700,8733600
4719,738629,5909032
4720,680936,5447488
4721,1009192,8073536
4722,1201097,9608776
4723,1032967,8263736
4724,907222,7257776
4725,1210562,9684496
4726,1167431,9339448
4727,671550,5372400
4728,943605,7548840
4729,915059,7320472
4730,1160282,9282256
4731,759732,6077856
4732,657256,5258048
4733,792141,6337128
4734,1166006,9328048
4735,720028,5760224
4736,1100482,8803856
4737,1173949,9391592
4738,1086980,8695840
4739,703082,5624656
4740,804894,6439152
4741,784303,6274424
4742,1144906,9159248
4743,809878,6479024
4744,751176,6009408
4745,1231674,9853392
4746,1158192,9265536
4747,1060992,8487936
4748,1222934,9783472
4749,1086500,8692000
4750,1154594,9236752
4751,737705,5901640
4752,831027,6648216
4753,1098295,8786360
4754,725775,5806200
4755,1097133,8777064
4756,646531,5172248
4757,1189130,9513040
4758,779122,6232976
4759,626778,5014224
4760,773729,6189832
4761,1227531,9820248
4762,1010852,8086816
4763,680280,5442240
4764,1234797,9878376
4765,983582,7868656
4766,929999,7439992
4767,815501,6524008
4768,1243967,9951736
4769,1124019,8992152
4770,800024,6400192
4771,1030695,8245560
4772,938666,7509328
4773,950970,7607760
4774,846615,6772920
4775,949208,7593664
4776,822056,6576448
4777,1238204,9905632
4778,1104103,8832824
4779,996969,7975752
4780,1164536,9316288
4781,644448,5155584
4782,1013016,8104128
4783,1198243,9585944
4784,688595,5508760
4785,1159623,9276984
4786,1243335,9946680
4787,800527,6404216
4788,1145299,9162392
4789,701483,5611864
4790,739231,5913848
4791,652532,5220256
4792,1077031,8616248
4793,1174001,9392008
4794,1238033,9904264
4795,761450,6091600
4796,843395,6747160
4797,930696,7445568
4798,1216979,9735832
4799,629678,5037424
4800,1066546,8532368
4801,954577,7636616
4802,941947,7535576
4803,1214223,9713784
4804,966034,7728272
4805,761286,6090288
4806,649191,5193528
4807,1108134,8865072
4808,987130,7897040
4809,844660,6757280
4810,1108919,8871352
4811,774603,6196824
4812,656543,5252344
4813,1118869,8950952
4814,1233158,9865264
4815,1021842,8174736
4816,792594,6340752
4817,929965,7439720
4818,1217083,9736664
4819,759500,6076000
4820,1184061,9472488
4821,717333,5738664
4822,779596,6236768
4823,1036575,8292600
4824,947835,7582680
4825,854467,6835736
4826,1239220,9913760
4827,774891,6199128
4828,1047824,8382592
4829,628617,5028936
4830,1134698,9077584
4831,1199930,9599440
4832,1194824,9558592
4833,930627,7445016
4834,1088155,8705240
4835,948498,7587984
4836,988861,7910888
4837,1118920,8951360
4838,653225,5225800
4839,684836,5478688
4840,932474,7459792
4841,1075033,8600264
4842,1185598,9484784
4843,910738,7285904
4844,1200618,9604944
4845,860986,6887888
4846,1240860,9926880
4847,926112,7408896
4848,687346,5498768
4849,1168023,9344184
4850,803358,6426864
4851,1209988,9679904
4852,1209726,9677808
4853,739811,5918488
4854,1144434,9155472
4855,734141,5873128
4856,788475,6307800
4857,1204664,9637312
4858,773343,6186744
4859,1056882,8455056
4860,825316,6602528
4861,827023,6616184
4862,725771,5806168
4863,1134006,9072048
4864,866753,6934024
4865,945820,7566560
4866,984459,7875672
4867,1120876,8967008
4868,1000707,8005656
4869,860819,6886552
4870,958226,7665808
4871,629467,5035736
4872,1062732,8501856
4873,854534,6836272
4874,1134130,9073040
4875,697692,5581536
4876,868673,6949384
4877,995722,7965776
4878,995673,7965384
4879,785672,6285376
4880,829822,6638576
4881,1223756,9790048
4882,1159408,9275264
4883,1048597,8388776
4884,816287,6530296
4885,820862,6566896
4886,816240,6529920
4887,772488,6179904
4888,1125192,9001536
4889,1014320,8114560
4890,636571,5092568
4891,1113386,8907088
4892,1084351,8674808
4893,1248668,9989344
4894,870412,6963296
4895,786567,6292536
4896,813722,6509776
4897,910110,7280880
4898,1152414,9219312
4899,750724,6005792
4900,921825,7374600
4901,643352,5146816
4902,1047430,8379440
4903,979837,7838696
4904,746559,5972472
4905,780556,6244448
4906,1124779,8998232
4907,836941,6695528
4908,1116228,8929824
4909,763575,6108600
4910,912277,7298216
4911,1014931,8119448
4912,628480,5027840
4913,1169755,9358040
4914,747764,5982112
4915,1155485,9243880
4916,894885,7159080
4917,795377,6363016
4918,723300,5786400
4919,846786,6774288
4920,987060,7896480
4921,1121622,8972976
4922,1218572,9748576
4923,1025677,8205416
4924,1043869,8350952
4925,926288,7410304
4926,784327,6274616
4927,1192246,9537968
4928,695593,5564744
4929,1137959,9103672
4930,648025,5184200
4931,942468,7539744
4932,1139629,9117032
4933,637855,5102840
4934,1055211,8441688
4935,1148643,9189144
4936,1133872,9070976
4937,1062319,8498552
4938,1017072,8136576
4939,646602,5172816
4940,1058555,8468440
4941,725486,5803888
4942,749604,5996832
4943,987287,7898296
4944,1016742,8133936
4945,647137,5177096
4946,1063409,8507272
4947,1053514,8428112
4948,937729,7501832
4949,1178192,9425536
4950,885006,7080048
4951,778490,6227920
4952,795874,6366992
4953,798819,6390552
4954,1168790,9350320
4955,880305,7042440
4956,1225332,9802656
4957,1050388,8403104
4958,1088777,8710216
4959,666543,5332344
4960,1194709,9557672
4961,883904,7071232
4962,713714,5709712
4963,643826,5150608
4964,1014779,8118232
4965,982988,7863904
4966,699390,5595120
4967,1225256,9802048
4968,858136,6865088
4969,631031,5048248
4970,806607,6452856
4971,678084,5424672
4972,817448,6539584
4973,706054,5648432
4974,644150,5153200
4975,1044511,8356088
4976,1076731,8613848
4977,788784,6310272
4978,1246728,9973824
4979,1038486,8307888
4980,1165073,9320584
4981,851000,6808000
4982,843458,6747664
4983,710951,5687608
4984,1144321,9154568
4985,1215351,9722808
4986,800387,6403096
4987,1136158,9089264
4988,1195634,9565072
4989,753465,6027720
4990,1067497,8539976
4991,713216,5705728
4992,1157925,9263400
4993,716535,5732280
4994,972896,7783168
4995,637037,5096296
4996,1065333,8522664
4997,1210607,9684856
4998,1005510,8044080
4999,777206,6217648
5000,1011650,8093200
5001,1238904,9911232
5002,669327,5354616
5003,1000131,8001048
5004,725583,5804664
5005,885614,7084912
5006,668006,5344048
5007,1041056,8328448
5008,1057945,8463560
5009,1063335,8506680
5010,1138406,9107248
5011,949872,7598976
5012,759941,6079528
5013,652486,5219888
5014,665952,5327616
5015,710568,5684544
5016,1102402,8819216
5017,1024058,8192464
5018,1227013,9816104
5019,673807,5390456
5020,739613,5916904
5021,657259,5258072
5022,666701,5333608
5023,833362,6666896
5024,1157212,9257696
5025,1169736,9357888
5026,758320,6066560
5027,1121052,8968416
5028,955931,7647448
5029,885347,7082776
5030,635078,5080624
5031,881040,7048320
5032,732436,5859488
5033,1239363,9914904
5034,939629,7517032
5035,1105442,8843536
5036,874944,6999552
5037,859587,6876696
5038,727775,5822200
5039,780216,6241728
5040,1074412,8595296
5041,1213091,9704728
5042,1240973,9927784
5043,878843,7030744
5044,716445,5731560
5045,638028,5104224
5046,999272,7994176
5047,1131149,9049192
5048,1242144,9937152
5049,1044376,8355008
5050,1236323,9890584
5051,901214,7209712
5052,690335,5522680
5053,912872,7302976
5054,937734,7501872
5055,1235641,9885128
5056,676198,5409584
5057,1085594,8684752
5058,1181409,9451272
5059,857342,6858736
5060,698636,5589088
5061,869413,6955304
5062,1223243,9785944
5063,1241550,9932400
5064,669741,5357928
5065,1215297,9722376
5066,796665,6373320
5067,1019080,8152640
5068,871690,6973520
5069,1146379,9171032
5070,679589,5436712
5071,660984,5287872
5072,801550,6412400
5073,1228399,9827192
5074,781704,6253632
5075,812034,6496272
5076,1164432,9315456
5077,799099,6392792
5078,1189141,9513128
5079,911892,7295136
5080,1187117,9496936
5081,787415,6299320
5082,1068060,8544480
5083,823789,6590312
5084,803977,6431816
5085,1164992,9319936
5086,914217,7313736
5087,654586,5236688
5088,1227014,9816112
5089,1132443,9059544
5090,868835,6950680
5091,717384,5739072
5092,761383,6091064
5093,870223,6961784
5094,776454,6211632
5095,983309,7866472
5096,1216975,9735800
5097,1205094,9640752
5098,709291,5674328
5099,1167216,9337728
5100,897331,7178648
5101,735954,5887632
5102,1177096,9416768
5103,845282,6762256
5104,853216,6825728
5105,1004129,8033032
5106,770252,6162016
5107,1246238,9969904
5108,1180034,9440272
5109,1192850,9542800
5110,1243326,9946608
5111,760493,6083944
5112,925614,7404912
5113,877075,7016600
5114,1117316,8938528
5115,657464,5259712
5116,666027,5328216
5117,1239147,9913176
5118,989103,7912824
5119,724522,5796176
5120,1002115,8016920
5121,754372,6034976
5122,811774,6494192
5123,930169,7441352
5124,649447,5195576
5125,1183010,9464080
5126,938613,7508904
5127,656800,5254400
5128,786058,6288464
5129,1088236,8705888
5130,908036,7264288
5131,664401,5315208
5132,867594,6940752
5133,924762,7398096
5134,1057948,8463584
5135,773747,6189976
5136,1049214,8393712
5137,658059,5264472
5138,1150902,9207216
5139,917418,7339344
5140,1172267,9378136
5141,1010130,8081040
5142,801060,6408480
5143,838177,6705416
5144,826789,6614312
5145,1075352,8602816
5146,1011319,8090552
5147,1095644,8765152
5148,768344,6146752
5149,1030976,8247808
5150,830824,6646592
5151,687464,5499712
5152,643125,5145000
5153,810128,6481024
5154,1112475,8899800
5155,863311,6906488
5156,1027039,8216312
5157,895698,7165584
5158,710797,5686376
5159,961347,7690776
5160,786163,6289304
5161,660525,5284200
5162,667807,5342456
5163,1041596,8332768
5164,1056697,8453576
5165,706129,5649032
5166,1032034,8256272
5167,1201786,9614288
5168,939088,7512704
5169,845442,6763536
5170,886568,7092544
5171,738056,5904448
5172,829734,6637872
5173,715017,5720136
5174,1078039,8624312
5175,750392,6003136
5176,1011303,8090424
5177,690026,5520208
5178,988899,7911192
5179,1224223,9793784
5180,1160375,9283000
5181,841852,6734816
5182,746004,5968032
5183,1159240,9273920
5184,632379,5059032
5185,1133060,9064480
5186,867353,6938824
5187,1054374,8434992
5188,849659,6797272
5189,1073398,8587184
5190,1089764,8718112
5191,734755,5878040
5192,759185,6073480
5193,975904,7807232
5194,938631,7509048
5195,720961,5767688
5196,820274,6562192
5197,651154,5209232
5198,854521,6836168
5199,743834,5950672
5200,764342,6114736
5201,1163505,9308040
5202,1137488,9099904
5203,1153095,9224760
5204,650512,5204096
5205,699393,5595144
5206,669545,5356360
5207,840681,6725448
5208,932360,7458880
5209,973676,7789408
5210,911810,7294480
5211,1246868,9974944
5212,626082,5008656
5213,1204521,9636168
5214,648002,5184016
5215,991733,7933864
5216,890775,7126200
5217,1223301,9786408
5218,909137,7273096
5219,1200948,9607584
5220,790816,6326528
5221,1041830,8334640
5222,942931,7543448
5223,761054,6088432
5224,899388,7195104
5225,1051948,8415584
5226,1174778,9398224
5227,728877,5831016
5228,899794,7198352
5229,995479,7963832
5230,1104438,8835504
5231,987936,7903488
5232,935031,7480248
5233,1233672,9869376
5234,786593,6292744
5235,731212,5849696
5236,684429,5475432
5237,917707,7341656
5238,788101,6304808
5239,1210962,9687696
5240,630457,5043656
5241,834606,6676848
5242,703314,5626512
5243,655214,5241712
5244,1234387,9875096
5245,909005,7272040
5246,867286,6938288
5247,1017525,8140200
5248,889691,7117528
5249,931844,7454752
5250,846318,6770544
5251,1212277,9698216
5252,972498,7779984
5253,817711,6541688
5254,1243940,9951520
5255,930233,7441864
5256,1103195,8825560
5257,885691,7085528
5258,921462,7371696
5259,1164063,9312504
5260,971313,7770504
5261,648446,5187568
5262,1222278,9778224
5263,1102196,8817568
5264,1139793,9118344
5265,965445,7723560
5266,757222,6057776
5267,1032495,8259960
5268,639014,5112112
5269,728265,5826120
5270,822996,6583968
5271,1179778,9438224
5272,1240035,9920280
5273,764886,6119088
5274,1038927,8311416
5275,1133308,9066464
5276,661661,5293288
5277,1229103,9832824
5278,1054264,8434112
5279,972092,7776736
5280,1172761,9382088
5281,1102729,8821832
5282,1170636,9365088
5283,1028106,8224848
5284,837447,6699576
5285,688095,5504760
5286,779176,6233408
5287,1046190,8369520
5288,688308,5506464
5289,794835,6358680
5290,706051,5648408
5291,973637,7789096
5292,787564,6300512
5293,1035705,8285640
5294,1007670,8061360
5295,951581,7612648
5296,736234,5889872
5297,1143722,9149776
5298,960072,7680576
5299,1024029,8192232
5300,778374,6226992
5301,896071,7168568
5302,664454,5315632
5303,713897,5711176
5304,988235,7905880
5305,724889,5799112
5306,1197586,9580688
5307,840380,6723040
5308,1204032,9632256
5309,1229921,9839368
5310,810648,6485184
5311,997173,7977384
5312,1102144,8817152
5313,980357,7842856
5314,697652,5581216
5315,838583,6708664
5316,1106893,8855144
5317,633624,5068992
5318,811499,6491992
5319,974317,7794536
5320,1210867,9686936
5321,861075,6888600
5322,644446,5155568
5323,883512,7068096
5324,1111202,8889616
5325,1121947,8975576
5326,998824,7990592
5327,753585,6028680
5328,1026073,8208584
5329,738678,5909424
5330,801669,6413352
5331,1215031,9720248
5332,809116,6472928
5333,809572,6476576
5334,1090766,8726128
5335,682638,5461104
5336,987491,7899928
5337,899476,7195808
5338,777837,6222696
5339,1154170,9233360
5340,1140293,9122344
5341,781009,6248072
5342,1224860,9798880
5343,1096334,8770672
5344,676882,5415056
5345,958659,7669272
5346,643602,5148816
5347,646682,5173456
5348,773984,6191872
5349,1244442,9955536
5350,759188,6073504
5351,1134118,9072944
5352,997077,7976616
5353,630117,5040936
5354,648928,5191424
5355,1104226,8833808
5356,848176,6785408
5357,1164417,9315336
5358,698425,5587400
5359,693736,5549888
5360,999657,7997256
5361,650778,5206224
5362,685269,5482152
5363,782486,6259888
5364,628189,5025512
5365,1033378,8267024
5366,1221261,9770088
5367,677341,5418728
5368,853494,6827952
5369,891223,7129784
5370,682030,5456240
5371,966971,7735768
5372,1212329,9698632
5373,1035632,8285056
5374,649652,5197216
5375,701734,5613872
5376,951107,7608856
5377,852858,6822864
5378,831222,6649776
5379,794367,6354936
5380,1025788,8206304
5381,1180919,9447352
5382,925308,7402464
5383,935225,7481800
5384,1174904,9399232
5385,1097388,8779104
5386,825510,6604080
5387,1034766,8278128
5388,974665,7797320
5389,948456,7587648
5390,1198497,9587976
5391,1037794,8302352
5392,1018216,8145728
5393,1027208,8217664
5394,1177496,9419968
5395,833253,6666024
5396,800567,6404536
5397,768631,6149048
5398,744245,5953960
5399,1095812,8766496
5400,1042104,8336832
5401,927237,7417896
5402,842554,6740432
5403,739767,5918136
5404,992457,7939656
5405,844156,6753248
5406,687687,5501496
5407,888723,7109784
5408,849295,6794360
5409,889264,7114112
5410,988688,7909504
5411,949688,7597504
5412,935376,7483008
5413,791527,6332216
5414,909243,7273944
5415,827439,6619512
5416,914890,7319120
5417,1191944,9535552
5418,741295,5930360
5419,672850,5382800
5420,1246182,9969456
5421,1198067,9584536
5422,841369,6730952
5423,777915,6223320
5424,880820,7046560
5425,762792,6102336
5426,948519,7588152
5427,1240171,9921368
5428,705293,5642344
5429,1108415,8867320
5430,704000,5632000
5431,1208423,9667384
5432,832712,6661696
5433,1100298,8802384
5434,1212401,9699208
5435,868255,6946040
5436,798501,6388008
5437,626400,5011200
5438,637161,5097288
5439,788670,6309360
5440,1107733,8861864
5441,905204,7241632
5442,737555,5900440
5443,730579,5844632
5444,644056,5152448
5445,1244335,9954680
5446,695806,5566448
5447,1055295,8442360
5448,1005600,8044800
5449,1033208,8265664
5450,958754,7670032
5451,1077732,8621856
5452,1116897,8935176
5453,920793,7366344
5454,939953,7519624
5455,938293,7506344
5456,1058319,8466552
5457,816177,6529416
5458,1025730,8205840
5459,1205474,9643792
5460,930917,7447336
5461,1081035,8648280
5462,680761,5446088
5463,716792,5734336
5464,924918,7399344
5465,711034,5688272
5466,1097008,8776064
5467,899073,7192584
5468,1022443,8179544
5469,789464,6315712
5470,906102,7248816
5471,964023,7712184
5472,642195,5137560
5473,801224,6409792
5474,937281,7498248
5475,878040,7024320
5476,672490,5379920
5477,742470,5939760
5478,1115365,8922920
5479,1031793,8254344
5480,656140,5249120
5481,997349,7978792
5482,1025553,8204424
5483,956474,7651792
5484,627093,5016744
5485,838678,6709424
5486,1103696,8829568
5487,698640,5589120
5488,1187150,9497200
5489,1187116,9496928
5490,855038,6840304
5491,892087,7136696
5492,1135391,9083128
5493,734540,5876320
5494,753535,6028280
5495,1133141,9065128
5496,880695,7045560
5497,660992,5287936
5498,857343,6858744
5499,844161,6753288
5500,838708,6709664
5501,1232316,9858528
5502,962737,7701896
5503,646776,5174208
5504,738870,5910960
5505,712961,5703688
5506,950083,7600664
5507,653018,5224144
5508,692650,5541200
5509,768348,6146784
5510,689692,5517536
5511,712667,5701336
5512,745804,5966432
5513,946907,7575256
5514,1200953,9607624
5515,897557,7180456
5516,1183131,9465048
5517,1083706,8669648
5518,694627,5557016
5519,986237,7889896
5520,827492,6619936
5521,1151482,9211856
5522,637072,5096576
5523,840738,6725904
5524,1146217,9169736
5525,901047,7208376
5526,1231076,9848608
5527,865867,6926936
5528,982922,7863376
5529,1140408,9123264
5530,747494,5979952
5531,1129093,9032744
5532,938110,7504880
5533,870565,6964520
5534,1060123,8480984
5535,849052,6792416
5536,845491,6763928
5537,802532,6420256
5538,1093279,8746232
5539,1062578,8500624
5540,1097588,8780704
5541,1158725,9269800
5542,890425,7123400
5543,644064,5152512
5544,768812,6150496
5545,991608,7932864
5546,705582,5644656
5547,1038153,8305224
5548,847985,6783880
5549,1043235,8345880
5550,1083352,8666816
5551,1052948,8423584
5552,1228096,9824768
5553,1205315,9642520
5554,1154088,9232704
5555,767544,6140352
5556,960427,7683416
5557,1143642,9149136
5558,1146540,9172320
5559,1088329,8706632
5560,960462,7683696
5561,1148234,9185872
5562,967527,7740216
5563,967856,7742848
5564,811303,6490424
5565,1094870,8758960
5566,838594,6708752
5567,731095,5848760
5568,937438,7499504
5569,1248717,9989736
5570,1051674,8413392
5571,731578,5852624
5572,681626,5453008
5573,984920,7879360
5574,948260,7586080
5575,649762,5198096
5576,944623,7556984
5577,1239335,9914680
5578,1149762,9198096
5579,700882,5607056
5580,903156,7225248
5581,804402,6435216
5582,710546,5684368
5583,920919,7367352
5584,1103013,8824104
5585,882126,7057008
5586,686596,5492768
5587,945308,7562464
5588,685420,5483360
5589,1113637,8909096
5590,978446,7827568
5591,1077568,8620544
5592,1197232,9577856
5593,684488,5475904
5594,1050121,8400968
5595,732746,5861968
5596,1005902,8047216
5597,878789,7030312
5598,1087785,8702280
5599,732438,5859504
5600,911741,7293928
5601,964265,7714120
5602,785905,6287240
5603,956356,7650848
5604,1180299,9442392
5605,1202374,9618992
5606,956124,7648992
5607,795504,6364032
5608,968622,7748976
5609,1032977,8263816
5610,750510,6004080
5611,859507,6876056
5612,844649,6757192
5613,785347,6282776
5614,1180486,9443888
5615,989279,7914232
5616,1181632,9453056
5617,868666,6949328
5618,987660,7901280
5619,1034548,8276384
5620,1012955,8103640
5621,1245544,9964352
5622,1201902,9615216
5623,1051874,8414992
5624,949658,7597264
5625,742699,5941592
5626,647991,5183928
5627,811432,6491456
5628,705112,5640896
5629,1004641,8037128
5630,1229400,9835200
5631,1184129,9473032
5632,628746,5029968
5633,1172139,9377112
5634,1080174,8641392
5635,802664,6421312
5636,705630,5645040
5637,1234821,9878568
5638,690400,5523200
5639,882935,7063480
5640,1236158,9889264
5641,641309,5130472
5642,844015,6752120
5643,1116553,8932424
5644,1230162,9841296
5645,1005722,8045776
5646,697082,5576656
5647,722421,5779368
5648,1018245,8145960
5649,1069315,8554520
5650,760394,6083152
5651,788047,6304376
5652,667141,5337128
5653,724630,5797040
5654,900977,7207816
5655,1146908,9175264
5656,1165773,9326184
5657,854021,6832168
5658,1008018,8064144
5659,884755,7078040
5660,711301,5690408
5661,674404,5395232
5662,658770,5270160
5663,912220,7297760
5664,927597,7420776
5665,1136950,9095600
5666,1078208,8625664
5667,1090619,8724952
5668,911542,7292336
5669,1139870,9118960
5670,707447,5659576
5671,860917,6887336
5672,984966,7879728
5673,930998,7447984
5674,703067,5624536
5675,673004,5384032
5676,683167,5465336
5677,759701,6077608
5678,681069,5448552
5679,667751,5342008
5680,1142155,9137240
5681,858019,6864152
5682,628108,5024864
5683,719807,5758456
5684,830768,6646144
5685,1003209,8025672
5686,1102177,8817416
5687,1093270,8746160
5688,702417,5619336
5689,1196355,9570840
5690,920442,7363536
5691,972251,7778008
5692,792262,6338096
5693,768766,6150128
5694,867183,6937464
5695,1208819,9670552
5696,1170930,9367440
5697,835547,6684376
5698,656520,5252160
5699,1116106,8928848
5700,630543,5044344
5701,850422,6803376
5702,744819,5958552
5703,1135025,9080200
5704,866180,6929440
5705,758727,6069816
5706,888106,7104848
5707,855901,6847208
5708,993569,7948552
5709,851013,6808104
5710,791485,6331880
5711,725255,5802040
5712,1021098,8168784
5713,1150632,9205056
5714,711851,5694808
5715,926737,7413896
5716,655612,5244896
5717,725927,5807416
5718,1068594,8548752
5719,670585,5364680
5720,838816,6710528
5721,930161,7441288
5722,1143079,9144632
5723,926082,7408656
5724,876175,7009400
5725,864824,6918592
5726,820712,6565696
5727,1187435,9499480
5728,758888,6071104
5729,1161512,9292096
5730,1012994,8103952
5731,798433,6387464
5732,708256,5666048
5733,702698,5621584
5734,985793,7886344
5735,830071,6640568
5736,904591,7236728
5737,791108,6328864
5738,1097235,8777880
5739,1077442,8619536
5740,813494,6507952
5741,850870,6806960
5742,925654,7405232
5743,1077399,8619192
5744,981511,7852088
5745,636606,5092848
5746,1074125,8593000
5747,1177477,9419816
5748,678807,5430456
5749,673704,5389632
5750,886177,7089416
5751,918815,7350520
5752,702485,5619880
5753,940761,7526088
5754,1017361,8138888
5755,781491,6251928
5756,1017681,8141448
5757,645944,5167552
5758,1229497,9835976
5759,758097,6064776
5760,857117,6856936
5761,1184603,9476824
5762,884030,7072240
5763,1179616,9436928
5764,1054900,8439200
5765,927144,7417152
5766,636127,5089016
5767,732387,5859096
5768,884289,7074312
5769,1178732,9429856
5770,990454,7923632
5771,870365,6962920
5772,641743,5133944
5773,944427,7555416
5774,967953,7743624
5775,759616,6076928
5776,940007,7520056
5777,1150801,9206408
5778,950129,7601032
5779,864188,6913504
5780,1090873,8726984
5781,855810,6846480
5782,960292,7682336
5783,806759,6454072
5784,862974,6903792
5785,1243127,9945016
5786,1174959,9399672
5787,1236746,9893968
5788,991747,7933976
5789,1195989,9567912
5790,1201917,9615336
5791,1146646,9173168
5792,897829,7182632
5793,1010746,8085968
5794,1097945,8783560
5795,856462,6851696
5796,746640,5973120
5797,1237156,9897248
5798,637496,5099968
5799,703618,5628944
5800,1057446,8459568
5801,1036261,8290088
5802,632250,5058000
5803,1016233,8129864
5804,1097307,8778456
5805,1115639,8925112
5806,679829,5438632
5807,684662,5477296
5808,1077862,8622896
5809,1180033,9440264
5810,1242076,9936608
5811,1139323,9114584
5812,1171324,9370592
5813,902862,7222896
5814,937350,7498800
5815,929945,7439560
5816,995621,7964968
5817,654199,5233592
5818,1060466,8483728
5819,727564,5820512
5820,760473,6083784
5821,770094,6160752
5822,1104164,8833312
5823,691470,5531760
5824,961587,7692696
5825,1038400,8307200
5826,721919,5775352
5827,1064147,8513176
5828,1156860,9254880
5829,823328,6586624
5830,1196206,9569648
5831,708133,5665064
5832,1196147,9569176
5833,1105271,8842168
5834,994392,7955136
5835,875029,7000232
5836,978542,7828336
5837,1246479,9971832
5838,1016439,8131512
5839,629565,5036520
5840,1019140,8153120
5841,739203,5913624
5842,737203,5897624
5843,724807,5798456
5844,1099027,8792216
5845,832083,6656664
5846,1087561,8700488
5847,886649,7093192
5848,862191,6897528
5849,858574,6868592
5850,714196,5713568
5851,817528,6540224
5852,1077402,8619216
5853,955651,7645208
5854,746456,5971648
5855,1245214,9961712
5856,635795,5086360
5857,919150,7353200
5858,1012514,8100112
5859,850928,6807424
5860,658234,5265872
5861,743322,5946576
5862,1234264,9874112
5863,1110320,8882560
5864,924596,7396768
5865,758561,6068488
5866,1169468,9355744
5867,986085,7888680
5868,840891,6727128
5869,1032074,8256592
5870,1103870,8830960
5871,669408,5355264
5872,1243084,9944672
5873,1153446,9227568
5874,1024466,8195728
5875,721664,5773312
5876,1004138,8033104
5877,1190914,9527312
5878,714374,5714992
5879,777052,6216416
5880,849051,6792408
5881,1033793,8270344
5882,963078,7704624
5883,1207671,9661368
5884,1088547,8708376
5885,634156,5073248
5886,788554,6308432
5887,871628,6973024
5888,1063952,8511616
5889,688683,5509464
5890,1231777,9854216
5891,732799,5862392
5892,1178318,9426544
5893,954440,7635520
5894,774142,6193136
5895,941084,7528672
5896,708136,5665088
5897,942182,7537456
5898,864799,6918392
5899,1214998,9719984
5900,812580,6500640
5901,1055564,8444512
5902,1121355,8970840
5903,1171401,9371208
5904,792179,6337432
5905,949863,7598904
5906,717016,5736128
5907,789794,6318352
5908,694014,5552112
5909,790227,6321816
5910,872380,6979040
5911,696716,5573728
5912,1033963,8271704
5913,805425,6443400
5914,1017787,8142296
5915,1211698,9693584
5916,1139860,9118880
5917,1049133,8393064
5918,652052,5216416
5919,703513,5628104
5920,784493,6275944
5921,745792,5966336
5922,1048223,8385784
5923,702889,5623112
5924,1128759,9030072
5925,869569,6956552
5926,676128,5409024
5927,700020,5600160
5928,746310,5970480
5929,1045399,8363192
5930,677745,5421960
5931,1043777,8350216
5932,977089,7816712
5933,724400,5795200
5934,704519,5636152
5935,1190451,9523608
5936,808395,6467160
5937,832770,6662160
5938,1123413,8987304
5939,689524,5516192
5940,1233763,9870104
5941,1195640,9565120
5942,1180818,9446544
5943,829332,6634656
5944,637204,5097632
5945,986586,7892688
5946,785195,6281560
5947,946093,7568744
5948,1007017,8056136
5949,728130,5825040
5950,1150846,9206768
5951,936115,7488920
5952,837774,6702192
5953,981418,7851344
5954,703592,5628736
5955,909730,7277840
5956,708367,5666936
5957,819040,6552320
5958,971039,7768312
5959,930722,7445776
5960,1145595,9164760
5961,901982,7215856
5962,968605,7748840
5963,758748,6069984
5964,899089,7192712
5965,830818,6646544
5966,953308,7626464
5967,1240420,9923360
5968,726061,5808488
5969,1089698,8717584
5970,822638,6581104
5971,762376,6099008
5972,1109059,8872472
5973,759931,6079448
5974,860730,6885840
5975,626370,5010960
5976,1101983,8815864
5977,848127,6785016
5978,963704,7709632
5979,699875,5599000
5980,716343,5730744
5981,950921,7607368
5982,1178417,9427336
5983,908881,7271048
5984,893198,7145584
5985,634242,5073936
5986,900324,7202592
5987,807324,6458592
5988,1243883,9951064
5989,1122496,8979968
5990,707693,5661544
5991,1090253,8722024
5992,701687,5613496
5993,875440,7003520
5994,1143309,9146472
5995,965678,7725424
5996,719515,5756120
5997,808741,6469928
5998,1002624,8020992
5999,656550,5252400
6000,1107300,8858400
6001,1129107,9032856
6002,760272,6082176
6003,1094774,8758192
6004,1002816,8022528
6005,970059,7760472
6006,626805,5014440
6007,1075197,8601576
6008,1151664,9213312
6009,1113765,8910120
6010,775764,6206112
6011,1014618,8116944
6012,671173,5369384
6013,891393,7131144
6014,746230,5969840
6015,704529,5636232
6016,801314,6410512
6017,1016347,8130776
6018,821811,6574488
6019,1129119,9032952
6020,1070634,8565072
6021,909600,7276800
6022,830123,6640984
6023,1135374,9082992
6024,908006,7264048
6025,654237,5233896
6026,932119,7456952
6027,778036,6224288
6028,939627,7517016
6029,1165660,9325280
6030,721008,5768064
6031,815091,6520728
6032,874729,6997832
6033,895067,7160536
6034,1103539,8828312
6035,845088,6760704
6036,807284,6458272
6037,1160281,9282248
6038,1199543,9596344
6039,648122,5184976
6040,1221097,9768776
6041,1016526,8132208
6042,1024303,8194424
6043,967484,7739872
6044,853761,6830088
6045,940831,7526648
6046,1075469,8603752
6047,915068,7320544
6048,983475,7867800
6049,1218387,9747096
6050,1024978,8199824
6051,1044977,8359816
6052,711034,5688272
6053,1193335,9546680
6054,1098874,8790992
6055,956511,7652088
6056,761958,6095664
6057,643420,5147360
6058,1140485,9123880
6059,1187835,9502680
6060,1032148,8257184
6061,821186,6569488
6062,1243758,9950064
6063,735564,5884512
6064,930905,7447240
6065,868008,6944064
6066,1165972,9327776
6067,1141451,9131608
6068,1193890,9551120
6069,1009763,8078104
6070,664240,5313920
6071,1138192,9105536
6072,1200154,9601232
6073,672651,5381208
6074,1072074,8576592
6075,966870,7734960
6076,846243,6769944
6077,978021,7824168
6078,1093217,8745736
6079,1195500,9564000
6080,828338,6626704
6081,874565,6996520
6082,810757,6486056
6083,776831,6214648
6084,724380,5795040
6085,705893,5647144
6086,1203784,9630272
6087,936637,7493096
6088,1165200,9321600
6089,888001,7104008
6090,712888,5703104
6091,879483,7035864
6092,912922,7303376
6093,1026154,8209232
6094,825933,6607464
6095,713146,5705168
6096,1008031,8064248
6097,1152745,9221960
6098,1218600,9748800
6099,680995,5447960
6100,1161295,9290360
6101,694427,5555416
6102,1022171,8177368
6103,950430,7603440
6104,870306,6962448
6105,1118653,8949224
6106,965912,7727296
6107,1243001,9944008
6108,848931,6791448
6109,727074,5816592
6110,1059359,8474872
6111,733890,5871120
6112,1078389,8627112
6113,695461,5563688
6114,731521,5852168
6115,1089103,8712824
6116,1104231,8833848
6117,943314,7546512
6118,1072343,8578744
6119,774918,6199344
6120,1236245,9889960
6121,948648,7589184
6122,866267,6930136
6123,698385,5587080
6124,805102,6440816
6125,712478,5699824
6126,834283,6674264
6127,896172,7169376
6128,890410,7123280
6129,891808,7134464
6130,663152,5305216
6131,730853,5846824
6132,1055961,8447688
6133,1151159,9209272
6134,853537,6828296
6135,830687,6645496
6136,994557,7956456
6137,1039865,8318920
6138,632758,5062064
6139,1205349,9642792
6140,1246313,9970504
6141,818570,6548560
6142,896796,7174368
6143,1102171,8817368
6144,1243704,9949632
6145,896217,7169736
6146,1163615,9308920
6147,889347,7114776
6148,719297,5754376
6149,715729,5725832
6150,1054754,8438032
6151,870443,6963544
6152,1240366,9922928
6153,1039412,8315296
6154,653113,5224904
6155,874307,6994456
6156,976166,7809328
6157,664330,5314640
6158,679215,5433720
6159,956072,7648576
6160,941447,7531576
6161,1031601,8252808
6162,1136908,9095264
6163,683417,5467336
6164,985161,7881288
6165,986875,7895000
6166,1169155,9353240
6167,831990,6655920
6168,852233,6817864
6169,1144638,9157104
6170,986107,7888856
6171,707161,5657288
6172,901670,7213360
6173,869912,6959296
6174,772945,6183560
6175,679311,5434488
6176,857201,6857608
6177,868979,6951832
6178,1120907,8967256
6179,1020982,8167856
6180,798435,6387480
6181,1051679,8413432
6182,1138988,9111904
6183,1141190,9129520
6184,904028,7232224
6185,917115,7336920
6186,711815,5694520
6187,988055,7904440
6188,1107330,8858640
6189,939810,7518480
6190,1084377,8675016
6191,976497,7811976
6192,1057610,8460880
6193,644145,5153160
6194,915419,7323352
6195,640791,5126328
6196,1103046,8824368
6197,884756,7078048
6198,1227674,9821392
6199,808472,6467776
6200,1088583,8708664
6201,811400,6491200
6202,910654,7285232
6203,912703,7301624
6204,785426,6283408
6205,838195,6705560
6206,1247444,9979552
6207,980478,7843824
6208,1222905,9783240
6209,839002,6712016
6210,983883,7871064
6211,1071461,8571688
6212,1209157,9673256
6213,1225473,9803784
6214,1086442,8691536
6215,1232554,9860432
6216,1236779,9894232
6217,1210615,9684920
6218,1231777,9854216
6219,758064,6064512
6220,738538,5908304
6221,942224,7537792
6222,628421,5027368
6223,654517,5236136
6224,894090,7152720
6225,1017553,8140424
6226,1146987,9175896
6227,1155466,9243728
6228,944821,7558568
6229,1125734,9005872
6230,824560,6596480
6231,1000284,8002272
6232,1246540,9972320
6233,794611,6356888
6234,1110703,8885624
6235,846155,6769240
6236,808996,6471968
6237,635572,5084576
6238,1141502,9132016
6239,999954,7999632
6240,1154396,9235168
6241,841231,6729848
6242,991578,7932624
6243,1165492,9323936
6244,790722,6325776
6245,1171440,9371520
6246,788119,6304952
6247,1184698,9477584
6248,874404,6995232
6249,881101,7048808
6250,786809,6294472
6251,886128,7089024
6252,898901,7191208
6253,1131138,9049104
6254,1075481,8603848
6255,629942,5039536
6256,929940,7439520
6257,1137520,9100160
6258,813947,6511576
6259,766486,6131888
6260,740099,5920792
6261,841207,6729656
6262,725744,5805952
6263,1191258,9530064
6264,1167306,9338448
6265,1050282,8402256
6266,802172,6417376
6267,719419,5755352
6268,725291,5802328
6269,751160,6009280
6270,815965,6527720
6271,830038,6640304
6272,1211550,9692400
6273,1229556,9836448
6274,658378,5267024
6275,1082410,8659280
6276,686163,5489304
6277,719005,5752040
6278,664821,5318568
6279,1001938,8015504
6280,1132866,9062928
6281,1008933,8071464
6282,1138473,9107784
6283,652663,5221304
6284,1086075,8688600
6285,1110453,8883624
6286,892899,7143192
6287,710219,5681752
6288,692910,5543280
6289,733892,5871136
6290,812423,6499384
6291,1005990,8047920
6292,1199853,9598824
6293,950324,7602592
6294,1089602,8716816
6295,706309,5650472
6296,742048,5936384
6297,889426,7115408
6298,870483,6963864
6299,936582,7492656
6300,944541,7556328
6301,728468,5827744
6302,696844,5574752
6303,1213975,9711800
6304,803284,6426272
6305,920896,7367168
6306,728919,5831352
6307,1194755,9558040
6308,1026283,8210264
6309,987778,7902224
6310,693790,5550320
6311,1148552,9188416
6312,948518,7588144
6313,793893,6351144
6314,825319,6602552
6315,930659,7445272
6316,885038,7080304
6317,1034343,8274744
6318,637882,5103056
6319,1154870,9238960
6320,944025,7552200
6321,871193,6969544
6322,905434,7243472
6323,1153972,9231776
6324,699928,5599424
6325,736607,5892856
6326,1142530,9140240
6327,896118,7168944
6328,628152,5025216
6329,1211851,9694808
6330,699165,5593320
6331,774214,6193712
6332,1018291,8146328
6333,999051,7992408
6334,824208,6593664
6335,980560,7844480
6336,849993,6799944
6337,733915,5871320
6338,1021534,8172272
6339,949880,7599040
6340,1188413,9507304
6341,1056251,8450008
6342,1175688,9405504
6343,805108,6440864
6344,1046325,8370600
6345,836350,6690800
6346,629852,5038816
6347,798968,6391744
6348,823159,6585272
6349,850950,6807600
6350,1168178,9345424
6351,1223910,9791280
6352,838368,6706944
6353,810821,6486568
6354,1051421,8411368
6355,1065290,8522320
6356,1000290,8002320
6357,641674,5133392
6358,955356,7642848
6359,707946,5663568
6360,912587,7300696
6361,1051639,8413112
6362,763336,6106688
6363,650829,5206632
6364,1007592,8060736
6365,999309,7994472
6366,931074,7448592
6367,1201266,9610128
6368,998464,7987712
6369,685692,5485536
6370,1084064,8672512
6371,1156234,9249872
6372,944288,7554304
6373,751458,6011664
6374,1164465,9315720
6375,805571,6444568
6376,767279,6138232
6377,1115228,8921824
6378,1021945,8175560
6379,1161575,9292600
6380,1146626,9173008
6381,660473,5283784
6382,834333,6674664
6383,1142928,9143424
6384,1099279,8794232
6385,964803,7718424
6386,897292,7178336
6387,1103635,8829080
6388,1231602,9852816
6389,711817,5694536
6390,1177415,9419320
6391,936671,7493368
6392,1211551,9692408
6393,798685,6389480
6394,1042065,8336520
6395,883786,7070288
6396,729394,5835152
6397,1136744,9093952
6398,821721,6573768
6399,951319,7610552
6400,736910,5895280
6401,1021508,8172064
6402,1202671,9621368
6403,822139,6577112
6404,1189361,9514888
6405,932971,7463768
6406,1233276,9866208
6407,955707,7645656
6408,751597,6012776
6409,1063979,8511832
6410,1140247,9121976
6411,871593,6972744
6412,668294,5346352
6413,1232513,9860104
6414,1176978,9415824
6415,749008,5992064
6416,759860,6078880
6417,696205,5569640
6418,1197376,9579008
6419,1153257,9226056
6420,666169,5329352
6421,1077270,8618160
6422,880179,7041432
6423,1129957,9039656
6424,1137912,9103296
6425,1014819,8118552
6426,1041250,8330000
6427,635097,5080776
6428,772658,6181264
6429,907568,7260544
6430,1009987,8079896
6431,1025079,8200632
6432,870253,6962024
6433,1071479,8571832
6434,910048,7280384
6435,1115643,8925144
6436,944526,7556208
6437,838679,6709432
6438,864229,6913832
6439,838436,6707488
6440,828706,6629648
6441,733927,5871416
6442,826643,6613144
6443,1108299,8866392
6444,659266,5274128
6445,1113881,8911048
6446,1242832,9942656
6447,859887,6879096
6448,1048905,8391240
6449,957366,7658928
6450,642595,5140760
6451,1143588,9148704
6452,701917,5615336
6453,918495,7347960
6454,1101341,8810728
6455,1249609,9996872
6456,699422,5595376
6457,1176717,9413736
6458,822756,6582048
6459,879973,7039784
6460,1149833,9198664
6461,1058591,8468728
6462,852905,6823240
6463,745131,5961048
6464,655890,5247120
6465,726198,5809584
6466,631963,5055704
6467,857166,6857328
6468,1144329,9154632
6469,735577,5884616
6470,1092874,8742992
6471,756143,6049144
6472,667010,5336080
6473,711515,5692120
6474,751954,6015632
6475,918652,7349216
6476,670676,5365408
6477,712580,5700640
6478,835211,6681688
6479,1104243,8833944
6480,980172,7841376
6481,871297,6970376
6482,917178,7337424
6483,1248140,9985120
6484,1019864,8158912
6485,1062226,8497808
6486,641094,5128752
6487,732397,5859176
6488,701792,5614336
6489,964703,7717624
6490,970804,7766432
6491,904728,7237824
6492,1039560,8316480
6493,821290,6570320
6494,1023763,8190104
6495,770357,6162856
6496,1057565,8460520
6497,904113,7232904
6498,809608,6476864
6499,984764,7878112
6500,716281,5730248
6501,720910,5767280
6502,1239123,9912984
6503,1240779,9926232
6504,764812,6118496
6505,1239962,9919696
6506,767324,6138592
6507,729148,5833184
6508,972446,7779568
6509,941039,7528312
6510,669058,5352464
6511,1052927,8423416
6512,898414,7187312
6513,1180159,9441272
6514,784210,6273680
6515,1091062,8728496
6516,790870,6326960
6517,1069613,8556904
6518,781367,6250936
6519,1147715,9181720
6520,1130383,9043064
6521,948997,7591976
6522,895118,7160944
6523,776890,6215120
6524,1048023,8384184
6525,1139723,9117784
6526,1065842,8526736
6527,651348,5210784
6528,940353,7522824
6529,800599,6404792
6530,1145609,9164872
6531,698657,5589256
6532,1151950,9215600
6533,987207,7897656
6534,1025944,8207552
6535,836518,6692144
6536,1198070,9584560
6537,1096416,8771328
6538,643782,5150256
6539,961692,7693536
6540,744306,5954448
6541,855193,6841544
6542,1180167,9441336
6543,627913,5023304
6544,1211413,9691304
6545,891126,7129008
6546,1086644,8693152
6547,1141533,9132264
6548,935001,7480008
6549,983264,7866112
6550,941567,7532536
6551,1173774,9390192
6552,653254,5226032
6553,1037138,8297104
6554,648398,5187184
6555,897929,7183432
6556,858157,6865256
6557,1162364,9298912
6558,880095,7040760
6559,732552,5860416
6560,668251,5346008
6561,1115754,8926032
6562,1098488,8787904
6563,864365,6914920
6564,650281,5202248
6565,785438,6283504
6566,882368,7058944
6567,653877,5231016
6568,748867,5990936
6569,905273,7242184
6570,1016089,8128712
6571,900519,7204152
6572,777172,6217376
6573,627428,5019424
6574,851586,6812688
6575,863221,6905768
6576,727280,5818240
6577,702331,5618648
6578,850319,6802552
6579,1233861,9870888
6580,1163310,9306480
6581,822874,6582992
6582,661740,5293920
6583,970177,7761416
6584,1051409,8411272
6585,1039902,8319216
6586,1045392,8363136
6587,1161679,9293432
6588,1195657,9565256
6589,1182708,9461664
6590,781263,6250104
6591,1126407,9011256
6592,1233247,9865976
6593,1065827,8526616
6594,1102966,8823728
6595,830038,6640304
6596,829053,6632424
6597,753836,6030688
6598,1080068,8640544
6599,1016606,8132848
6600,680171,5441368
6601,908792,7270336
6602,891952,7135616
6603,718699,5749592
6604,1181456,9451648
6605,772020,6176160
6606,1156293,9250344
6607,663147,5305176
6608,633966,5071728
6609,666453,5331624
6610,1087258,8698064
6611,762371,6098968
6612,1002530,8020240
6613,1133628,9069024
6614,1025576,8204608
6615,665894,5327152
6616,1137966,9103728
6617,1034469,8275752
6618,876534,7012272
6619,846615,6772920
6620,1176125,9409000
6621,826298,6610384
6622,736964,5895712
6623,1066868,8534944
6624,798330,6386640
6625,997772,7982176
6626,670344,5362752
6627,1237800,9902400
6628,1213660,9709280
6629,1008953,8071624
6630,954139,7633112
6631,688212,5505696
6632,1008204,8065632
6633,1206504,9652032
6634,873521,6988168
6635,1169013,9352104
6636,1186730,9493840
6637,733243,5865944
6638,1091850,8734800
6639,857883,6863064
6640,1154271,9234168
6641,669576,5356608
6642,909182,7273456
6643,744929,5959432
6644,918500,7348000
6645,945309,7562472
6646,910986,7287888
6647,856568,6852544
6648,784758,6278064
6649,1210464,9683712
6650,804015,6432120
6651,1220505,9764040
6652,1134753,9078024
6653,1145352,9162816
6654,858229,6865832
6655,902066,7216528
6656,741636,5933088
6657,922252,7378016
6658,1011772,8094176
6659,1045238,8361904
6660,909699,7277592
6661,1036331,8290648
6662,982761,7862088
6663,763579,6108632
6664,855679,6845432
6665,951044,7608352
6666,689572,5516576
6667,658400,5267200
6668,960545,7684360
6669,965631,7725048
6670,1161491,9291928
6671,683152,5465216
6672,888783,7110264
6673,880647,7045176
6674,710622,5684976
6675,1188642,9509136
6676,1024963,8199704
6677,826668,6613344
6678,954993,7639944
6679,1209617,9676936
6680,920386,7363088
6681,972992,7783936
6682,842380,6739040
6683,754953,6039624
6684,665544,5324352
6685,1059593,8476744
6686,735110,5880880
6687,936678,7493424
6688,1225000,9800000
6689,865957,6927656
6690,1246130,9969040
6691,775064,6200512
6692,1201312,9610496
6693,769530,6156240
6694,1038370,8306960
6695,878277,7026216
6696,1221068,9768544
6697,864624,6916992
6698,1144290,9154320
6699,1237552,9900416
6700,1087377,8699016
6701,876427,7011416
6702,1013900,8111200
6703,868627,6949016
6704,923793,7390344
6705,1030917,8247336
6706,1141037,9128296
6707,836141,6689128
6708,1218125,9745000
6709,672228,5377824
6710,1131336,9050688
6711,991454,7931632
6712,1229388,9835104
6713,830866,6646928
6714,1067626,8541008
6715,1166667,9333336
6716,1185050,9480400
6717,838361,6706888
6718,872163,6977304
6719,1011543,8092344
6720,711391,5691128
6721,1221192,9769536
6722,1205095,9640760
6723,1026848,8214784
6724,1236041,9888328
6725,872301,6978408
6726,1247322,9978576
6727,932075,7456600
6728,760406,6083248
6729,717547,5740376
6730,1030637,8245096
6731,1041238,8329904
6732,1227705,9821640
6733,1065310,8522480
6734,1025284,8202272
6735,1191953,9535624
6736,656313,5250504
6737,1234613,9876904
6738,852050,6816400
6739,827823,6622584
6740,895191,7161528
6741,778241,6225928
6742,989685,7917480
6743,1067093,8536744
6744,1040552,8324416
6745,774107,6192856
6746,856422,6851376
6747,966795,7734360
6748,830907,6647256
6749,799190,6393520
6750,1102631,8821048
6751,965768,7726144
6752,824187,6593496
6753,1172984,9383872
6754,774702,6197616
6755,1050445,8403560
6756,970004,7760032
6757,633333,5066664
6758,880613,7044904
6759,719396,5755168
6760,810852,6486816
6761,751246,6009968
6762,997315,7978520
6763,1204710,9637680
6764,753284,6026272
6765,1212910,9703280
6766,974308,7794464
6767,952179,7617432
6768,1084163,8673304
6769,1136276,9090208
6770,1093010,8744080
6771,772874,6182992
6772,960405,7683240
6773,1067195,8537560
6774,783215,6265720
6775,1128590,9028720
6776,880861,7046888
6777,790707,6325656
6778,727604,5820832
6779,1013355,8106840
6780,634877,5079016
6781,1123341,8986728
6782,927663,7421304
6783,1064492,8515936
6784,989827,7918616
6785,1023856,8190848
6786,940124,7520992
6787,824635,6597080
6788,640235,5121880
6789,1212598,9700784
6790,1199020,9592160
6791,1107174,8857392
6792,1049448,8395584
6793,1094544,8756352
6794,952995,7623960
6795,1070775,8566200
6796,1217426,9739408
6797,1057532,8460256
6798,927011,7416088
6799,854049,6832392
6800,1088150,8705200
6801,1199047,9592376
6802,962648,7701184
6803,671960,5375680
6804,1182369,9458952
6805,1091125,8729000
6806,701569,5612552
6807,821757,6574056
6808,788874,6310992
6809,656060,5248480
6810,1155097,9240776
6811,1150982,9207856
6812,650342,5202736
6813,829908,6639264
6814,803355,6426840
6815,770801,6166408
6816,1090768,8726144
6817,669141,5353128
6818,932636,7461088
6819,691973,5535784
6820,840437,6723496
6821,641157,5129256
6822,1017568,8140544
6823,788832,6310656
6824,816926,6535408
6825,632752,5062016
6826,1193740,9549920
6827,776271,6210168
6828,904475,7235800
6829,694048,5552384
6830,1086188,8689504
6831,1186835,9494680
6832,1020254,8162032
6833,780519,6244152
6834,923542,7388336
6835,1054214,8433712
6836,1154585,9236680
6837,773198,6185584
6838,627112,5016896
6839,936622,7492976
6840,1062641,8501128
6841,1036193,8289544
6842,763764,6110112
6843,641754,5134032
6844,764034,6112272
6845,768151,6145208
6846,1185831,9486648
6847,1132104,9056832
6848,875814,7006512
6849,1115164,8921312
6850,802050,6416400
6851,661476,5291808
6852,1018232,8145856
6853,884144,7073152
6854,1047905,8383240
6855,1027679,8221432
6856,651999,5215992
6857,694248,5553984
6858,674425,5395400
6859,1094907,8759256
6860,1083447,8667576
6861,819284,6554272
6862,708708,5669664
6863,835853,6686824
6864,1103244,8825952
6865,1036897,8295176
6866,807229,6457832
6867,792679,6341432
6868,1051323,8410584
6869,1061300,8490400
6870,930912,7447296
6871,865437,6923496
6872,1148149,9185192
6873,745908,5967264
6874,762654,6101232
6875,877848,7022784
6876,1078631,8629048
6877,960340,7682720
6878,665704,5325632
6879,1249637,9997096
6880,1222777,9782216
6881,1189190,9513520
6882,1110128,8881024
6883,920789,7366312
6884,775966,6207728
6885,1076338,8610704
6886,913270,7306160
6887,1208829,9670632
6888,918169,7345352
6889,1113173,8905384
6890,814756,6518048
6891,1117779,8942232
6892,643102,5144816
6893,677822,5422576
6894,746994,5975952
6895,688806,5510448
6896,651714,5213712
6897,1206933,9655464
6898,961955,7695640
6899,972413,7779304
6900,1056266,8450128
6901,1048829,8390632
6902,633445,5067560
6903,1237660,9901280
6904,715800,5726400
6905,759442,6075536
6906,792181,6337448
6907,1025477,8203816
6908,1242467,9939736
6909,638690,5109520
6910,927079,7416632
6911,1007996,8063968
6912,651811,5214488
6913,838810,6710480
6914,936460,7491680
6915,913545,7308360
6916,830888,6647104
6917,1090172,8721376
6918,889544,7116352
6919,796293,6370344
6920,994488,7955904
6921,997452,7979616
6922,1222479,9779832
6923,869667,6957336
6924,1019211,8153688
6925,967470,7739760
6926,715515,5724120
6927,1031129,8249032
6928,950759,7606072
6929,986416,7891328
6930,911654,7293232
6931,626674,5013392
6932,796769,6374152
6933,952652,7621216
6934,1049221,8393768
6935,900555,7204440
6936,731792,5854336
6937,744483,5955864
6938,728426,5827408
6939,814227,6513816
6940,1082708,8661664
6941,878096,7024768
6942,879649,7037192
6943,1016457,8131656
6944,636685,5093480
6945,1181666,9453328
6946,705865,5646920
6947,1100001,8800008
6948,807639,6461112
6949,1234359,9874872
6950,1139172,9113376
6951,1024165,8193320
6952,931380,7451040
6953,631991,5055928
6954,977054,7816432
6955,996229,7969832
6956,1072178,8577424
6957,800334,6402672
6958,1208356,9666848
6959,1199933,9599464
6960,628719,5029752
6961,1114042,8912336
6962,1071298,8570384
6963,712297,5698376
6964,682100,5456800
6965,1129806,9038448
6966,652666,5221328
6967,707253,5658024
6968,738361,5906888
6969,1159180,9273440
6970,759347,6074776
6971,680268,5442144
6972,1219861,9758888
6973,1213029,9704232
6974,811802,6494416
6975,1042947,8343576
6976,749727,5997816
6977,671381,5371048
6978,1217730,9741840
6979,1005598,8044784
6980,663424,5307392
6981,659530,5276240
6982,1158125,9265000
6983,886646,7093168
6984,1010683,8085464
6985,1016222,8129776
6986,1217300,9738400
6987,720675,5765400
6988,921019,7368152
6989,858321,6866568
6990,981609,7852872
6991,1111007,8888056
6992,681391,5451128
6993,1000209,8001672
6994,665208,5321664
6995,977697,7821576
6996,1129771,9038168
6997,1027562,8220496
6998,654674,5237392
6999,768783,6150264
7000,673222,5385776
7001,954704,7637632
7002,794038,6352304
7003,782246,6257968
7004,809604,6476832
7005,998765,7990120
7006,1065941,8527528
7007,691827,5534616
7008,883249,7065992
7009,990089,7920712
7010,986208,7889664
7011,945116,7560928
7012,1155798,9246384
7013,926894,7415152
7014,1245014,9960112
7015,698515,5588120
7016,729157,5833256
7017,1053401,8427208
7018,776933,6215464
7019,1202459,9619672
7020,1249721,9997768
7021,1101361,8810888
7022,1078117,8624936
7023,630386,5043088
7024,962061,7696488
7025,749612,5996896
7026,988685,7909480
7027,723321,5786568
7028,1160394,9283152
7029,908560,7268480
7030,647945,5183560
7031,656678,5253424
7032,925222,7401776
7033,898505,7188040
7034,633727,5069816
7035,847666,6781328
7036,753890,6031120
7037,888505,7108040
7038,1199379,9595032
7039,1128952,9031616
7040,1050171,8401368
7041,698020,5584160
7042,849933,6799464
7043,826203,6609624
7044,1138680,9109440
7045,1009850,8078800
7046,768395,6147160
7047,814578,6516624
7048,779537,6236296
7049,717317,5738536
7050,927862,7422896
7051,650881,5207048
7052,1147829,9182632
7053,1071396,8571168
7054,1117982,8943856
7055,743190,5945520
7056,1003950,8031600
7057,1119057,8952456
7058,693347,5546776
7059,836061,6688488
7060,855594,6844752
7061,916502,7332016
7062,1031528,8252224
7063,882008,7056064
7064,644981,5159848
7065,711490,5691920
7066,939009,7512072
7067,990625,7925000
7068,647056,5176448
7069,953803,7630424
7070,764237,6113896
7071,1148724,9189792
7072,1017369,8138952
7073,811237,6489896
7074,913198,7305584
7075,1029709,8237672
7076,1137349,9098792
7077,862409,6899272
7078,925021,7400168
7079,1233336,9866688
7080,889450,7115600
7081,629461,5035688
7082,1097050,8776400
7083,1017695,8141560
7084,1103902,8831216
7085,626340,5010720
7086,1103126,8825008
7087,1102079,8816632
7088,1079109,8632872
7089,893786,7150288
7090,1160767,9286136
7091,1104792,8838336
7092,787301,6298408
7093,1095877,8767016
7094,764222,6113776
7095,1000059,8000472
7096,848925,6791400
7097,1238948,9911584
7098,688251,5506008
7099,866567,6932536
7100,1146357,9170856
7101,957768,7662144
7102,1246422,9971376
7103,838203,6705624
7104,815825,6526600
7105,955310,7642480
7106,730992,5847936
7107,985687,7885496
7108,1213605,9708840
7109,1226366,9810928
7110,954273,7634184
7111,818537,6548296
7112,1089397,8715176
7113,933475,7467800
7114,898180,7185440
7115,1103822,8830576
7116,751276,6010208
7117,1051220,8409760
7118,1201224,9609792
7119,1044483,8355864
7120,966503,7732024
7121,1177333,9418664
7122,724923,5799384
7123,1118611,8948888
7124,1125605,9004840
7125,664563,5316504
7126,981698,7853584
7127,870390,6963120
7128,1177956,9423648
7129,1138846,9110768
7130,802718,6421744
7131,1076505,8612040
7132,1197683,9581464
7133,1006796,8054368
7134,814480,6515840
7135,785168,6281344
7136,1213939,9711512
7137,1141852,9134816
7138,1068372,8546976
7139,1211940,9695520
7140,1018074,8144592
7141,1230182,9841456
7142,1079468,8635744
7143,1160076,9280608
7144,1002493,8019944
7145,1026456,8211648
7146,932749,7461992
7147,1219535,9756280
7148,857611,6860888
7149,1086919,8695352
7150,631487,5051896
7151,1193282,9546256
7152,936324,7490592
7153,703315,5626520
7154,830819,6646552
7155,805985,6447880
7156,985311,7882488
7157,938219,7505752
7158,742505,5940040
7159,1142375,9139000
7160,1042041,8336328
7161,795624,6364992
7162,814071,6512568
7163,1087354,8698832
7164,1083425,8667400
7165,1114677,8917416
7166,769800,6158400
7167,1044508,8356064
7168,687043,5496344
7169,917665,7341320
7170,1183076,9464608
7171,1119753,8958024
7172,663957,5311656
7173,918054,7344432
7174,1081084,8648672
7175,1102074,8816592
7176,857814,6862512
7177,652849,5222792
7178,891852,7134816
7179,719617,5756936
7180,712744,5701952
7181,673834,5390672
7182,720945,5767560
7183,807609,6460872
7184,1056159,8449272
7185,794913,6359304
7186,787245,6297960
7187,1150352,9202816
7188,932680,7461440
7189,696236,5569888
7190,1194389,9555112
7191,1065223,8521784
7192,1132033,9056264
7193,822525,6580200
7194,1195483,9563864
7195,946904,7575232
7196,775316,6202528
7197,876502,7012016
7198,642686,5141488
7199,1110820,8886560
7200,822496,6579968
7201,753788,6030304
7202,888558,7108464
7203,857532,6860256
7204,680413,5443304
7205,738241,5905928
7206,704385,5635080
7207,816456,6531648
7208,680718,5445744
7209,1085828,8686624
7210,1001950,8015600
7211,765368,6122944
7212,823696,6589568
7213,735074,5880592
7214,688316,5506528
7215,899588,7196704
7216,830892,6647136
7217,1111424,8891392
7218,1171807,9374456
7219,754180,6033440
7220,780156,6241248
7221,1182160,9457280
7222,1120466,8963728
7223,910259,7282072
7224,1173353,9386824
7225,1093837,8750696
7226,1013499,8107992
7227,1174153,9393224
7228,982646,7861168
7229,1048876,8391008
7230,1156469,9251752
7231,1037035,8296280
7232,1151050,9208400
7233,1206119,9648952
7234,935603,7484824
7235,825631,6605048
7236,1092852,8742816
7237,953469,7627752
7238,896631,7173048
7239,1153477,9227816
7240,1092821,8742568
7241,678494,5427952
7242,1192779,9542232
7243,1076983,8615864
7244,1229777,9838216
7245,686374,5490992
7246,706050,5648400
7247,1212705,9701640
7248,1170301,9362408
7249,1013229,8105832
7250,755268,6042144
7251,1004330,8034640
7252,924908,7399264
7253,1216155,9729240
7254,848789,6790312
7255,927984,7423872
7256,1070727,8565816
7257,959865,7678920
7258,1049206,8393648
7259,837028,6696224
7260,1130650,9045200
7261,1007919,8063352
7262,1018211,8145688
7263,890814,7126512
7264,1003221,8025768
7265,905120,7240960
7266,785957,6287656
7267,1182565,9460520
7268,749358,5994864
7269,1095189,8761512
7270,850796,6806368
7271,1033397,8267176
7272,1093452,8747616
7273,750104,6000832
7274,1158404,9267232
7275,1087024,8696192
7276,681397,5451176
7277,1204085,9632680
7278,1070431,8563448
7279,1240071,9920568
7280,685108,5480864
7281,1029215,8233720
7282,917966,7343728
7283,716053,5728424
7284,1212369,9698952
7285,952740,7621920
7286,913224,7305792
7287,1150728,9205824
7288,1111264,8890112
7289,1057437,8459496
7290,936928,7495424
7291,846358,6770864
7292,950424,7603392
7293,733647,5869176
7294,1104274,8834192
7295,1227970,9823760
7296,1008864,8070912
7297,1215277,9722216
7298,1117625,8941000
7299,1093985,8751880
7300,665077,5320616
7301,1220997,9767976
7302,901332,7210656
7303,919119,7352952
7304,1036688,8293504
7305,644890,5159120
7306,1110067,8880536
7307,767842,6142736
7308,1184938,9479504
7309,747831,5982648
7310,901819,7214552
7311,1203051,9624408
7312,983580,7868640
7313,934610,7476880
7314,839955,6719640
7315,1060908,8487264
7316,724571,5796568
7317,755975,6047800
7318,653445,5227560
7319,1108303,8866424
7320,679790,5438320
7321,647343,5178744
7322,1021111,8168888
7323,1218586,9748688
7324,924388,7395104
7325,706269,5650152
7326,977249,7817992
7327,975011,7800088
7328,1104867,8838936
7329,1225355,9802840
7330,807936,6463488
7331,641297,5130376
7332,1028194,8225552
7333,874994,6999952
7334,1023565,8188520
7335,1244410,9955280
7336,706397,5651176
7337,1233705,9869640
7338,927513,7420104
7339,1213469,9707752
7340,1208098,9664784
7341,780367,6242936
7342,721209,5769672
7343,1047129,8377032
7344,891129,7129032
7345,1158340,9266720
7346,877605,7020840
7347,1230029,9840232
7348,1170652,9365216
7349,718341,5746728
7350,1243745,9949960
7351,1138873,9110984
7352,642547,5140376
7353,831283,6650264
7354,648258,5186064
7355,798404,6387232
7356,705266,5642128
7357,798241,6385928
7358,1175065,9400520
7359,629412,5035296
7360,958374,7666992
7361,1104429,8835432
7362,1169022,9352176
7363,840737,6725896
7364,684815,5478520
7365,992429,7939432
7366,743899,5951192
7367,719089,5752712
7368,1015407,8123256
7369,1069715,8557720
7370,1242938,9943504
7371,977132,7817056
7372,995037,7960296
7373,830666,6645328
7374,966634,7733072
7375,949002,7592016
7376,1028096,8224768
7377,739800,5918400
7378,629629,5037032
7379,1205370,9642960
7380,977954,7823632
7381,1134746,9077968
7382,1229446,9835568
7383,653297,5226376
7384,687265,5498120
7385,668675,5349400
7386,831455,6651640
7387,1054130,8433040
7388,897346,7178768
7389,1085153,8681224
7390,1016818,8134544
7391,879609,7036872
7392,940389,7523112
7393,634586,5076688
7394,789774,6318192
7395,954020,7632160
7396,1241726,9933808
7397,760807,6086456
7398,942417,7539336
7399,1111765,8894120
7400,684747,5477976
7401,1157230,9257840
7402,887966,7103728
7403,1113697,8909576
7404,646360,5170880
7405,740158,5921264
7406,1236421,9891368
7407,1045412,8363296
7408,1224262,9794096
7409,761206,6089648
7410,1002940,8023520
7411,711380,5691040
7412,1172022,9376176
7413,1200617,9604936
7414,714123,5712984
7415,1040076,8320608
7416,1009467,8075736
7417,662285,5298280
7418,1150176,9201408
7419,1196616,9572928
7420,733330,5866640
7421,1157283,9258264
7422,640375,5123000
7423,1245436,9963488
7424,1144540,9156320
7425,677145,5417160
7426,1028174,8225392
7427,646986,5175888
7428,1092069,8736552
7429,967622,7740976
7430,886455,7091640
7431,766722,6133776
7432,867390,6939120
7433,635217,5081736
7434,1247933,9983464
7435,665928,5327424
7436,653000,5224000
7437,976825,7814600
7438,1128228,9025824
7439,925579,7404632
7440,939927,7519416
7441,643519,5148152
7442,1075866,8606928
7443,1174018,9392144
7444,734513,5876104
7445,962214,7697712
7446,733588,5868704
7447,1209908,9679264
7448,1203617,9628936
7449,677334,5418672
7450,804221,6433768
7451,1182257,9458056
7452,1106395,8851160
7453,1115928,8927424
7454,1117724,8941792
7455,958450,7667600
7456,1121299,8970392
7457,759089,6072712
7458,887224,7097792
7459,1002304,8018432
7460,875778,7006224
7461,949343,7594744
7462,694384,5555072
7463,1069179,8553432
7464,1152001,9216008
7465,1082243,8657944
7466,1151905,9215240
7467,1242011,9936088
7468,1212488,9699904
7469,939448,7515584
7470,810482,6483856
7471,1154029,9232232
7472,1047204,8377632
7473,804565,6436520
7474,683942,5471536
7475,741184,5929472
7476,1181105,9448840
7477,693574,5548592
7478,1111433,8891464
7479,1080227,8641816
7480,672179,5377432
7481,1003824,8030592
7482,935941,7487528
7483,780898,6247184
7484,1219856,9758848
7485,994293,7954344
7486,1020749,8165992
7487,1133910,9071280
7488,1058594,8468752
7489,1214022,9712176
7490,1131982,9055856
7491,992035,7936280
7492,843464,6747712
7493,798858,6390864
7494,924348,7394784
7495,662017,5296136
7496,1142787,9142296
7497,888059,7104472
7498,685708,5485664
7499,981367,7850936
7500,1130841,9046728
7501,1060538,8484304
7502,687631,5501048
7503,1133966,9071728
7504,637207,5097656
7505,760835,6086680
7506,743563,5948504
7507,920382,7363056
7508,1014510,8116080
7509,1023196,8185568
7510,1110473,8883784
7511,883706,7069648
7512,1182214,9457712
7513,662120,5296960
7514,912515,7300120
7515,1014158,8113264
7516,1129576,9036608
7517,1205681,9645448
7518,788379,6307032
7519,982877,7863016
7520,1181397,9451176
7521,990605,7924840
7522,1161081,9288648
7523,993766,7950128
7524,1108744,8869952
7525,767812,6142496
7526,1219449,9755592
7527,809001,6472008
7528,1183599,9468792
7529,1242171,9937368
7530,1032438,8259504
7531,666592,5332736
7532,701289,5610312
7533,895426,7163408
7534,1015600,8124800
7535,921641,7373128
7536,785352,6282816
7537,751399,6011192
7538,1047764,8382112
7539,689443,5515544
7540,747999,5983992
7541,1144106,9152848
7542,677545,5420360
7543,773299,6186392
7544,811195,6489560
7545,1134501,9076008
7546,1119221,8953768
7547,1160023,9280184
7548,983875,7871000
7549,871409,6971272
7550,859315,6874520
7551,794869,6358952
7552,924207,7393656
7553,1009567,8076536
7554,1215236,9721888
7555,792090,6336720
7556,953794,7630352
7557,648978,5191824
7558,804223,6433784
7559,997375,7979000
7560,1125289,9002312
7561,977685,7821480
7562,708634,5669072
7563,813592,6508736
7564,626481,5011848
7565,1107702,8861616
7566,906775,7254200
7567,710023,5680184
7568,1002586,8020688
7569,907694,7261552
7570,961078,7688624
7571,1066083,8528664
7572,1161801,9294408
7573,977386,7819088
7574,750226,6001808
7575,1145816,9166528
7576,1131177,9049416
7577,793727,6349816
7578,1186963,9495704
7579,938086,7504688
7580,1169207,9353656
7581,1198615,9588920
7582,865686,6925488
7583,1050575,8404600
7584,655789,5246312
7585,1203986,9631888
7586,826330,6610640
7587,666519,5332152
7588,1177376,9419008
7589,856320,6850560
7590,1124574,8996592
7591,898089,7184712
7592,1093073,8744584
7593,937106,7496848
7594,633575,5068600
7595,865908,6927264
7596,721867,5774936
7597,967922,7743376
7598,832204,6657632
7599,1035859,8286872
7600,975991,7807928
7601,698984,5591872
7602,820353,6562824
7603,1109223,8873784
7604,841677,6733416
7605,818010,6544080
7606,1047101,8376808
7607,861296,6890368
7608,1092473,8739784
7609,1196989,9575912
7610,901519,7212152
7611,710195,5681560
7612,750989,6007912
7613,1109928,8879424
7614,756285,6050280
7615,955178,7641424
7616,993766,7950128
7617,790104,6320832
7618,721110,5768880
7619,827940,6623520
7620,637636,5101088
7621,1212558,9700464
7622,632364,5058912
7623,946219,7569752
7624,1231301,9850408
7625,781154,6249232
7626,1010051,8080408
7627,1017445,8139560
7628,1138349,9106792
7629,936482,7491856
7630,917609,7340872
7631,1145800,9166400
7632,767765,6142120
7633,629371,5034968
7634,1067048,8536384
7635,1173069,9384552
7636,796845,6374760
7637,795683,6365464
7638,952623,7620984
7639,1197585,9580680
7640,1149920,9199360
7641,1093233,8745864
7642,1234956,9879648
7643,1224609,9796872
7644,658540,5268320
7645,628612,5028896
7646,1051846,8414768
7647,936737,7493896
7648,898287,7186296
7649,1247750,9982000
7650,1152418,9219344
7651,1149501,9196008
7652,921611,7372888
7653,995054,7960432
7654,1136032,9088256
7655,682871,5462968
7656,805729,6445832
7657,645609,5164872
7658,1168447,9347576
7659,1087311,8698488
7660,1226796,9814368
7661,783274,6266192
7662,861483,6891864
7663,760335,6082680
7664,1027993,8223944
7665,817352,6538816
7666,953129,7625032
7667,651673,5213384
7668,974255,7794040
7669,1132003,9056024
7670,742111,5936888
7671,1238930,9911440
7672,847458,6779664
7673,1179387,9435096
7674,631460,5051680
7675,815728,6525824
7676,1149025,9192200
7677,1024570,8196560
7678,1179729,9437832
7679,948718,7589744
7680,883563,7068504
7681,794789,6358312
7682,1006928,8055424
7683,1030913,8247304
7684,637687,5101496
7685,921628,7373024
7686,672707,5381656
7687,921818,7374544
7688,1230105,9840840
7689,638103,5104824
7690,1025812,8206496
7691,1066871,8534968
7692,936076,7488608
7693,1072117,8576936
7694,929272,7434176
7695,828619,6628952
7696,839355,6714840
7697,701269,5610152
7698,834476,6675808
7699,774112,6192896
7700,966738,7733904
7701,856405,6851240
7702,724219,5793752
7703,874881,6999048
7704,886904,7095232
7705,931345,7450760
7706,878515,7028120
7707,1044289,8354312
7708,953382,7627056
7709,976756,7814048
7710,1031614,8252912
7711,1234291,9874328
7712,949848,7598784
7713,1106207,8849656
7714,844533,6756264
7715,791711,6333688
7716,660762,5286096
7717,834841,6678728
7718,821268,6570144
7719,635500,5084000
7720,860608,6884864
7721,817568,6540544
7722,972556,7780448
7723,697766,5582128
7724,871213,6969704
7725,980638,7845104
7726,1025625,8205000
7727,776367,6210936
7728,979908,7839264
7729,733640,5869120
7730,1080448,8643584
7731,1068487,8547896
7732,1098057,8784456
7733,1160668,9285344
7734,1102761,8822088
7735,1249082,9992656
7736,1189284,9514272
7737,1047038,8376304
7738,678744,5429952
7739,808296,6466368
7740,811652,6493216
7741,1115824,8926592
7742,919735,7357880
7743,977241,7817928
7744,673986,5391888
7745,811172,6489376
7746,799047,6392376
7747,1226032,9808256
7748,788221,6305768
7749,893174,7145392
7750,1074732,8597856
7751,1242293,9938344
7752,941876,7535008
7753,1062587,8500696
7754,1080382,8643056
7755,964255,7714040
7756,966285,7730280
7757,1206147,9649176
7758,911346,7290768
7759,690476,5523808
7760,847581,6780648
7761,883997,7071976
7762,948286,7586288
7763,884483,7075864
7764,1062423,8499384
7765,872478,6979824
7766,696963,5575704
7767,821364,6570912
7768,995469,7963752
7769,877488,7019904
7770,956672,7653376
7771,896496,7171968
7772,845301,6762408
7773,1241048,9928384
7774,937442,7499536
7775,708832,5670656
7776,874390,6995120
7777,663523,5308184
7778,1126620,9012960
7779,773817,6190536
7780,811585,6492680
7781,777606,6220848
7782,1139554,9116432
7783,743574,5948592
7784,627767,5022136
7785,991371,7930968
7786,958129,7665032
7787,942364,7538912
7788,856299,6850392
7789,1197943,9583544
7790,926246,7409968
7791,956674,7653392
7792,1239117,9912936
7793,866748,6933984
7794,1034964,8279712
7795,1169937,9359496
7796,1233337,9866696
7797,877111,7016888
7798,1073867,8590936
7799,1218293,9746344
7800,1195131,9561048
7801,932631,7461048
7802,1232097,9856776
7803,1212578,9700624
7804,891732,7133856
7805,805231,6441848
7806,1144869,9158952
7807,1119332,8954656
7808,990326,7922608
7809,1052117,8416936
7810,994093,7952744
7811,1110603,8884824
7812,931056,7448448
7813,767568,6140544
7814,1127141,9017128
7815,638602,5108816
7816,865931,6927448
7817,1023067,8184536
7818,813708,6509664
7819,812126,6497008
7820,1177906,9423248
7821,713133,5705064
7822,879616,7036928
7823,819573,6556584
7824,758362,6066896
7825,973633,7789064
7826,870529,6964232
7827,930721,7445768
7828,1215277,9722216
7829,1096321,8770568
7830,807963,6463704
7831,1204786,9638288
7832,1182535,9460280
7833,891199,7129592
7834,1158588,9268704
7835,1111909,8895272
7836,782746,6261968
7837,1090222,8721776
7838,745888,5967104
7839,803872,6430976
7840,1141600,9132800
7841,716975,5735800
7842,1242192,9937536
7843,886996,7095968
7844,628006,5024048
7845,803204,6425632
7846,1165044,9320352
7847,1194800,9558400
7848,1084867,8678936
7849,643345,5146760
7850,766703,6133624
7851,807213,6457704
7852,634061,5072488
7853,1030080,8240640
7854,981300,7850400
7855,663233,5305864
7856,775212,6201696
7857,986894,7895152
7858,1234336,9874688
7859,769931,6159448
7860,1169274,9354192
7861,928775,7430200
7862,687195,5497560
7863,860475,6883800
7864,990907,7927256
7865,701117,5608936
7866,808950,6471600
7867,1111292,8890336
7868,781495,6251960
7869,818742,6549936
7870,778435,6227480
7871,1208447,9667576
7872,1102202,8817616
7873,825580,6604640
7874,918672,7349376
7875,854155,6833240
7876,1093964,8751712
7877,920049,7360392
7878,1176860,9414880
7879,758810,6070480
7880,1105688,8845504
7881,1153420,9227360
7882,1016167,8129336
7883,919466,7355728
7884,920608,7364864
7885,934979,7479832
7886,768872,6150976
7887,778582,6228656
7888,1152689,9221512
7889,1063334,8506672
7890,838341,6706728
7891,795479,6363832
7892,1093737,8749896
7893,1089552,8716416
7894,969821,7758568
7895,1039249,8313992
7896,958569,7668552
7897,1242734,9941872
7898,1100431,8803448
7899,737593,5900744
7900,795730,6365840
7901,994744,7957952
7902,687244,5497952
7903,880495,7043960
7904,771235,6169880
7905,1020603,8164824
7906,1052308,8418464
7907,1001914,8015312
7908,675558,5404464
7909,992747,7941976
7910,923562,7388496
7911,633372,5066976
7912,688730,5509840
7913,906764,7254112
7914,1166570,9332560
7915,918650,7349200
7916,812647,6501176
7917,1216862,9734896
7918,922212,7377696
7919,1245864,9966912
7920,701501,5612008
7921,674198,5393584
7922,647579,5180632
7923,898140,7185120
7924,1023263,8186104
7925,1041592,8332736
7926,921984,7375872
7927,1183129,9465032
7928,709004,5672032
7929,1073050,8584400
7930,781248,6249984
7931,1045158,8361264
7932,877460,7019680
7933,832463,6659704
7934,958706,7669648
7935,962684,7701472
7936,825951,6607608
7937,786433,6291464
7938,787769,6302152
7939,1249893,9999144
7940,1134938,9079504
7941,732964,5863712
7942,1191132,9529056
7943,1064404,8515232
7944,1226909,9815272
7945,1171102,9368816
7946,1185229,9481832
7947,1042787,8342296
7948,1006256,8050048
7949,796534,6372272
7950,1084445,8675560
7951,890103,7120824
7952,652130,5217040
7953,660473,5283784
7954,1056612,8452896
7955,950775,7606200
7956,1069467,8555736
7957,1214883,9719064
7958,1184968,9479744
7959,931573,7452584
7960,1083144,8665152
7961,662485,5299880
7962,981307,7850456
7963,763040,6104320
7964,1133879,9071032
7965,834549,6676392
7966,1153733,9229864
7967,841623,6732984
7968,1128507,9028056
7969,1219185,9753480
7970,1089948,8719584
7971,1179332,9434656
7972,862308,6898464
7973,1238324,9906592
7974,780937,6247496
7975,963696,7709568
7976,1074124,8592992
7977,845404,6763232
7978,954558,7636464
7979,1134534,9076272
7980,738338,5906704
7981,722976,5783808
7982,758677,6069416
7983,995542,7964336
7984,631909,5055272
7985,975209,7801672
7986,903535,7228280
7987,648458,5187664
7988,942282,7538256
7989,915881,7327048
7990,1131547,9052376
7991,897079,7176632
7992,851807,6814456
7993,751265,6010120
7994,895819,7166552
7995,1041889,8335112
7996,893219,7145752
7997,1200152,9601216
7998,1092970,8743760
7999,850725,6805800
